12:15 AM/ 16,
12:30 AM/ 16,
12:45 AM/ 16,
1:00 AM/ 16,
1:15 AM/ 16,
1:30 AM/ 16,
1:45 AM/ 16,
2:00 AM/ 16,
2:15 AM/ 16,
2:30 AM/ 16,
2:45 AM/ 16,
3:00 AM/ 16,
3:15 AM/ 16,
3:30 AM/ 16,
3:45 AM/ 16,
4:00 AM/ 16,
4:15 AM/ 16,
4:30 AM/ 16,
4:45 AM/ 16,
5:00 AM/ 16,0
5:15 AM/ 16,10.58
5:30 AM/ 16,77.62
5:45 AM/ 16,139.11
6:00 AM/ 16,164.95
6:15 AM/ 16,280.03
6:30 AM/ 16,388.6
6:45 AM/ 16,589.21
7:00 AM/ 16,816.15
7:15 AM/ 16,1050.14
7:30 AM/ 16,992.62
7:45 AM/ 16,1236.36
8:00 AM/ 16,1417.27
8:15 AM/ 16,1671.89
8:30 AM/ 16,2312.95
8:45 AM/ 16,2090.37
9:00 AM/ 16,1921.58
9:15 AM/ 16,2084.12
9:30 AM/ 16,3248.87
9:45 AM/ 16,2300.32
10:00 AM/ 16,2377.59
10:15 AM/ 16,3385.32
10:30 AM/ 16,3591.57
10:45 AM/ 16,3690.96
11:00 AM/ 16,3961
11:15 AM/ 16,3123.94
11:30 AM/ 16,3463.3
11:45 AM/ 16,3189.43
12:00 PM/ 16,4065.17
12:15 PM/ 16,3109.2
12:30 PM/ 16,3005.4
12:45 PM/ 16,1809.09
1:00 PM/ 16,4132.46
1:15 PM/ 16,1798.56
1:30 PM/ 16,2009.53
1:45 PM/ 16,1381.34
2:00 PM/ 16,2982.62
2:15 PM/ 16,3835.84
2:30 PM/ 16,3600.5
2:45 PM/ 16,2590.34
3:00 PM/ 16,3189.34
3:15 PM/ 16,2273.18
3:30 PM/ 16,2977.71
3:45 PM/ 16,2804.78
4:00 PM/ 16,2382.45
4:15 PM/ 16,816.76
4:30 PM/ 16,617.55
4:45 PM/ 16,755.7
5:00 PM/ 16,1372.95
5:15 PM/ 16,900.08
5:30 PM/ 16,998.11
5:45 PM/ 16,1119.53
6:00 PM/ 16,842.78
6:15 PM/ 16,634.64
6:30 PM/ 16,497.92
6:45 PM/ 16,414.43
7:00 PM/ 16,280.35
7:15 PM/ 16,197.91
7:30 PM/ 16,177.6
7:45 PM/ 16,201.13
8:00 PM/ 16,162.05
8:15 PM/ 16,130.65
8:30 PM/ 16,111.9
8:45 PM/ 16,56.58
9:00 PM/ 16,15.5
9:15 PM/ 16,0.11
9:30 PM/ 16,0
9:45 PM/ 16,
10:00 PM/ 16,
10:15 PM/ 16,
10:30 PM/ 16,
10:45 PM/ 16,
11:00 PM/ 16,
11:15 PM/ 16,
11:30 PM/ 16,
11:45 PM/ 16,
12:00 AM/ 17,
12:15 AM/ 17,
12:30 AM/ 17,
12:45 AM/ 17,
1:00 AM/ 17,
1:00 AM/ 17;,
