datetime,irradiation_prediction,Predicted_Power_Watts,Actual_Power_Watts,error
23-02-20 15,0.9031562999999998,10065.891,3703.729922780793,6362.160702219207
23-02-20 16,0.8470268000000002,7997.0757,1.0043005238462526,7996.071383069904
23-02-20 17,0.5751876999999997,2931.5981,0.0,2931.59814453125
23-02-20 18,0.49753951999999985,3493.795,0.0,3493.794921875
23-02-20 19,0.0,4394.225,0.0,4394.22509765625
23-02-20 20,0.0,4452.7373,0.0,4452.7373046875
23-02-20 21,0.0,4629.0625,0.0,4629.0625
23-02-20 22,0.0,4528.4106,0.0,4528.41064453125
23-02-20 23,0.0,4453.8096,0.0,4453.8095703125
24-02-20 00,0.0,4336.904,0.0,4336.90380859375
24-02-20 01,0.0,4447.5884,0.0,4447.58837890625
24-02-20 02,0.0,4532.539,0.0,4532.5390625
24-02-20 03,0.0,4525.69,0.0,4525.68994140625
24-02-20 04,0.0,4474.14,0.0,4474.14013671875
24-02-20 05,0.0,4521.8306,0.0,4521.83056640625
24-02-20 06,0.0,4534.32,0.0,4534.31982421875
24-02-20 07,0.0,4512.449,3443.379602259105,1069.069616490895
24-02-20 08,0.0,21505.643,10971.21750119339,10534.42507693161
24-02-20 09,28.355790000000002,36212.78,43617.5167743339,-7404.735524333897
24-02-20 10,89.84180500000001,88476.48,40828.99162302843,47647.48493947157
24-02-20 11,151.89648,42177.793,81012.69035863105,-38834.89738988105
24-02-20 12,179.76573,93314.055,66399.11483820002,26914.939849299975
24-02-20 13,253.20581,70352.5,42307.83486681648,28044.665133183516
24-02-20 14,256.7555,34612.844,35669.572520941045,-1056.7287709410448
24-02-20 15,262.30756,33315.035,50878.310445851945,-17563.275289601945
24-02-20 16,214.7244,34620.15,13247.106186185161,21373.042251314837
24-02-20 17,145.82416,3571.485,417.3132999336042,3154.171807488271
24-02-20 18,58.207737,115.26695,0.0,115.26695251464844
24-02-20 19,2.7326941000000007,3096.558,0.0,3096.55810546875
24-02-20 20,0.0,4570.0923,0.0,4570.09228515625
24-02-20 21,0.0,4550.243,0.0,4550.2431640625
24-02-20 22,0.0,4487.5317,0.0,4487.53173828125
24-02-20 23,0.0,4499.5913,0.0,4499.59130859375
25-02-20 00,0.0,4427.957,0.0,4427.95703125
25-02-20 01,0.0,4523.4507,0.0,4523.45068359375
25-02-20 02,0.0,4551.3677,0.0,4551.36767578125
25-02-20 03,0.0,4476.989,0.0,4476.98876953125
25-02-20 04,0.0,4463.838,0.0,4463.837890625
25-02-20 05,0.0,4417.3853,0.0,4417.38525390625
25-02-20 06,0.0,4501.174,0.0,4501.173828125
25-02-20 07,0.0,4393.55,4672.441792754625,-278.89198806712466
25-02-20 08,0.0,28104.791,12446.066940061648,15658.724075563352
25-02-20 09,25.094952,38552.867,32514.642913459807,6038.2242740401925
25-02-20 10,95.81475999999999,68393.16,72415.48209470489,-4022.3258447048865
25-02-20 11,172.65148999999997,113123.61,92059.37576596336,21064.233609036644
25-02-20 12,224.39131,95088.75,75296.96673063362,19791.78326936638
25-02-20 13,281.04614,70270.234,44142.73913347635,26127.495241523648
25-02-20 14,84.14235,29294.143,22836.050030255785,6458.092547869215
25-02-20 15,82.59551,9263.841,16812.122159364135,-7548.281339051635
25-02-20 16,51.67804699999999,5848.6143,3669.414276941057,2179.199980871443
25-02-20 17,114.549866,7933.7314,0.0,7933.7314453125
25-02-20 18,35.045128000000005,610.51996,0.0,610.5199584960938
25-02-20 19,0.09241413999999959,5076.8096,0.0,5076.8095703125
25-02-20 20,0.0,4450.385,0.0,4450.384765625
25-02-20 21,0.0,4559.4546,0.0,4559.45458984375
25-02-20 22,0.0,4603.772,0.0,4603.77197265625
25-02-20 23,0.0,4469.804,0.0,4469.80419921875
26-02-20 00,0.0,4542.624,0.0,4542.6240234375
26-02-20 01,0.0,4493.2617,0.0,4493.26171875
26-02-20 02,0.0,4519.96,0.0,4519.9599609375
26-02-20 03,0.0,4497.107,0.0,4497.10693359375
26-02-20 04,0.0,4511.566,0.0,4511.56591796875
26-02-20 05,0.0,4511.415,0.0,4511.4150390625
26-02-20 06,0.0,4528.7554,0.0,4528.75537109375
26-02-20 07,0.0,4504.589,1420.6895982289398,3083.8992689585602
26-02-20 08,0.04831022000000051,10808.655,13927.342196111136,-3118.686922673636
26-02-20 09,39.376472,57228.992,52758.9375001971,4470.054687302902
26-02-20 10,89.335175,88755.81,61886.124196490564,26869.688303509436
26-02-20 11,171.93573,77104.98,22529.79232514082,54575.18423735918
26-02-20 12,253.83575,34966.723,23766.187426167,11200.535230083002
26-02-20 13,255.53482000000002,23331.918,58375.216906660666,-35043.298937910666
26-02-20 14,14.598618,87852.02,97823.43065755593,-9971.407220055931
26-02-20 15,1.8392563,92990.4,33840.156905284115,59150.241532215885
26-02-20 16,173.09283,31378.527,15525.654899214582,15852.872444535418
26-02-20 17,110.04981000000001,4150.9424,649.1313591608864,3501.8110236516136
26-02-20 18,56.963993,-1619.519,0.0,-1619.51904296875
26-02-20 19,1.7212090000000004,3189.265,0.0,3189.264892578125
26-02-20 20,0.0,4464.617,0.0,4464.6171875
26-02-20 21,0.0,4514.5703,0.0,4514.5703125
26-02-20 22,0.0,4468.533,0.0,4468.533203125
26-02-20 23,0.0,4563.753,0.0,4563.7529296875
27-02-20 00,0.0,4507.0786,0.0,4507.07861328125
27-02-20 01,0.0,4515.0283,0.0,4515.0283203125
27-02-20 02,0.0,4517.57,0.0,4517.56982421875
27-02-20 03,0.0,4507.362,0.0,4507.36181640625
27-02-20 04,0.0,4497.414,0.0,4497.4140625
27-02-20 05,0.0,4526.0347,0.0,4526.03466796875
27-02-20 06,0.0,4468.3066,0.0,4468.306640625
27-02-20 07,0.0,4540.1206,10208.368488848311,-5668.247883379561
27-02-20 08,0.7574658400000002,52620.605,16479.91105698222,36140.69441176778
27-02-20 09,45.157345,36766.41,24308.564442401883,12457.845713848117
27-02-20 10,130.0636,42321.09,81380.0008955721,-39058.9110518221
27-02-20 11,210.01037999999997,138754.88,120510.3501030616,18244.524896938397
27-02-20 12,252.69331,122847.41,172134.64034396192,-49287.23409396192
27-02-20 13,21.172379,145299.8,51343.26304798764,93956.53382701236
27-02-20 14,210.78975,42464.918,116714.19172724972,-74249.27375849972
27-02-20 15,212.08472999999998,102015.414,75238.24579456885,26777.16826793115
27-02-20 16,53.42946,48686.0,30031.833934477083,18654.166065522917
27-02-20 17,145.53958,21371.947,750.0363258153166,20621.910939809684
27-02-20 18,70.48311600000001,-1173.1088,0.0,-1173.1087646484375
27-02-20 19,5.5484686,2398.943,0.0,2398.943115234375
27-02-20 20,0.0,4794.925,0.0,4794.9248046875
27-02-20 21,0.0,4406.0864,0.0,4406.08642578125
27-02-20 22,0.0,4624.9434,0.0,4624.943359375
27-02-20 23,0.0,4517.9336,0.0,4517.93359375
28-02-20 00,0.0,4518.661,0.0,4518.6611328125
28-02-20 01,0.0,4504.027,0.0,4504.02685546875
28-02-20 02,0.0,4506.436,0.0,4506.43603515625
28-02-20 03,0.0,4519.7427,0.0,4519.74267578125
28-02-20 04,0.0,4505.9824,0.0,4505.982421875
28-02-20 05,0.0,4507.343,0.0,4507.3427734375
28-02-20 06,0.0,4481.9106,0.0,4481.91064453125
28-02-20 07,0.0,4515.198,1036.619861990721,3478.578380196779
28-02-20 08,1.6841753000000006,9062.088,8976.523496372796,85.56439425220378
28-02-20 09,44.7689,37110.83,58398.81835711125,-21287.990232111253
28-02-20 10,91.964584,106809.47,113357.28452272003,-6547.8157727200305
28-02-20 11,168.85608,140006.22,83975.44939738256,56030.76935261744
28-02-20 12,17.09304,71899.12,101657.09327951365,-29757.976092013647
28-02-20 13,34.849959999999996,87146.22,63270.87717939387,23875.341570606128
28-02-20 14,294.13043,64177.344,51743.829106893354,12433.514643106646
28-02-20 15,265.65405,33821.44,59689.085461165705,-25867.644054915705
28-02-20 16,213.01442999999998,35500.652,18448.340424643902,17052.311919106098
28-02-20 17,128.18313999999998,4904.632,1306.7078304079894,3597.9240055295104
28-02-20 18,67.23694000000002,-1041.3657,0.0,-1041.36572265625
28-02-20 19,5.553131599999998,1993.5721,0.0,1993.5721435546875
28-02-20 20,0.0,4800.0923,0.0,4800.09228515625
28-02-20 21,0.0,4506.6157,0.0,4506.61572265625
28-02-20 22,0.0,4566.1855,0.0,4566.185546875
28-02-20 23,0.0,4513.772,0.0,4513.77197265625
29-02-20 00,0.0,4487.2393,0.0,4487.2392578125
29-02-20 01,0.0,4527.6313,0.0,4527.63134765625
29-02-20 02,0.0,4502.6665,0.0,4502.66650390625
29-02-20 03,0.0,4513.767,0.0,4513.76708984375
29-02-20 04,0.0,4514.4097,0.0,4514.40966796875
29-02-20 05,0.0,4483.739,0.0,4483.73876953125
29-02-20 06,0.0,4514.1543,0.0,4514.154296875
29-02-20 07,0.0,4526.1104,4873.577974638205,-347.467623075705
29-02-20 08,0.3241072999999996,28465.89,24759.659096937514,3706.231528062486
29-02-20 09,4.648580599999999,74685.555,58257.75066192223,16427.804025577767
29-02-20 10,10.78524,71015.88,28648.832551806016,42367.050260693984
29-02-20 11,19.821281,22221.516,39169.58109603678,-16948.06547103678
29-02-20 12,226.18306,46245.19,42581.48851035469,3663.7028958953088
29-02-20 13,278.12677,51530.695,97384.5446625301,-45853.8493500301
29-02-20 14,273.10565,93680.53,54933.36812550762,38747.16312449238
29-02-20 15,128.11118000000002,25371.744,52582.944714320816,-27211.200573695816
29-02-20 16,13.845909,50918.16,24670.033351628754,26248.126804621246
29-02-20 17,16.742172,16035.84,1183.472558925263,14852.367284824737
29-02-20 18,42.02176,4679.0674,0.0,4679.0673828125
29-02-20 19,4.763757999999999,2101.6167,0.0,2101.61669921875
29-02-20 20,0.0,4807.088,0.0,4807.087890625
29-02-20 21,0.0,4376.214,0.0,4376.2138671875
29-02-20 22,0.0,4462.251,0.0,4462.2509765625
29-02-20 23,0.0,4428.34,0.0,4428.33984375
01-03-20 00,0.0,4505.6284,0.0,4505.62841796875
01-03-20 01,0.0,4476.54,0.0,4476.5400390625
01-03-20 02,0.0,4471.514,0.0,4471.51416015625
01-03-20 03,0.0,4453.7764,0.0,4453.7763671875
01-03-20 04,0.0,4394.797,0.0,4394.796875
01-03-20 05,0.0,4515.2695,0.0,4515.26953125
01-03-20 06,0.0,4499.407,0.0,4499.4072265625
01-03-20 07,0.0,4447.102,3109.3292883183867,1337.7727624628633
01-03-20 08,2.1587322,21106.553,48826.991751078975,-27720.439016703975
01-03-20 09,40.640395999999996,140400.67,78097.92426526535,62302.74760973465
01-03-20 10,107.29845,88655.9,94751.47990581587,-6095.581468315868
01-03-20 11,177.92386000000002,98873.516,105492.21384600247,-6618.698221002473
01-03-20 12,157.19783,75663.76,255307.21507545112,-179643.45726295112
01-03-20 13,197.24516,224711.2,173903.79022282295,50807.41290217705
01-03-20 14,304.32083,148460.4,52472.310094746805,95988.0961552532
01-03-20 15,262.24652000000003,32104.322,16841.608503182862,15262.713762442138
01-03-20 16,169.81545999999997,7104.789,20371.790168430613,-13267.001105930613
01-03-20 17,41.29558,26809.064,710.4374561296253,26098.626996995376
01-03-20 18,53.107037,1189.4291,0.0,1189.4290771484375
01-03-20 19,8.343667999999997,1381.8713,0.0,1381.871337890625
01-03-20 20,0.0,4982.388,0.0,4982.38818359375
01-03-20 21,0.0,4505.1274,0.0,4505.12744140625
01-03-20 22,0.0,4471.7266,0.0,4471.7265625
01-03-20 23,0.0,4616.2427,0.0,4616.24267578125
02-03-20 00,0.0,4511.3203,0.0,4511.3203125
02-03-20 01,0.0,4467.017,0.0,4467.01708984375
02-03-20 02,0.0,4515.444,0.0,4515.44384765625
02-03-20 03,0.0,4508.883,0.0,4508.8828125
02-03-20 04,0.0,4503.196,0.0,4503.19580078125
02-03-20 05,0.0,4446.9365,0.0,4446.9365234375
02-03-20 06,0.0,4487.2485,0.0,4487.24853515625
02-03-20 07,0.0,4501.2495,248.1925456603416,4253.056966058409
02-03-20 08,0.010309278999999918,6044.968,8349.736119268773,-2304.768345831273
02-03-20 09,0.5716219000000001,42994.473,35176.95536836716,7817.517287882838
02-03-20 10,2.116420700000001,80338.42,45905.8711210976,34432.5507539024
02-03-20 11,159.37415,45249.324,21821.61411393406,23427.71010481594
02-03-20 12,283.35577,30961.76,17808.851084771602,13152.908680853398
02-03-20 13,321.8974,27111.318,26786.726842789114,324.591516585886
02-03-20 14,314.0536,27893.621,137527.6896390027,-109634.0685452527
02-03-20 15,293.2347,125822.195,89374.06350970252,36448.13180279748
02-03-20 16,238.12961,32881.008,21146.369187425782,11734.638625074218
02-03-20 17,166.69183000000004,6743.995,857.3902400185672,5886.604877168933
02-03-20 18,84.94080999999998,-347.79422,0.0,-347.7942199707031
02-03-20 19,10.206338,2394.999,0.0,2394.9990234375
02-03-20 20,0.0,5297.896,0.0,5297.89599609375
02-03-20 21,0.0,4537.546,0.0,4537.5458984375
02-03-20 22,0.0,4522.8647,0.0,4522.86474609375
02-03-20 23,0.0,4510.6167,0.0,4510.61669921875
03-03-20 00,0.0,4502.0337,0.0,4502.03369140625
03-03-20 01,0.0,4452.218,0.0,4452.2177734375
03-03-20 02,0.0,4477.093,0.0,4477.0927734375
03-03-20 03,0.0,4526.143,0.0,4526.14306640625
03-03-20 04,0.0,4519.02,0.0,4519.02001953125
03-03-20 05,0.0,4485.312,0.0,4485.31201171875
03-03-20 06,0.0,4540.073,0.0,4540.0732421875
03-03-20 07,0.0,4507.8154,7279.8333369166185,-2772.0179072291185
03-03-20 08,4.182217599999999,39759.848,37112.31611946529,2647.531536784707
03-03-20 09,64.805145,104508.3,63397.89836887232,41110.39850612768
03-03-20 10,148.90973,90159.695,23398.601812233792,66761.0935002662
03-03-20 11,226.55599999999998,33255.664,23725.385804939786,9530.278257560214
03-03-20 12,272.6121,33680.887,19262.774428262033,14418.112290487967
03-03-20 13,286.56403,23039.482,17965.68374958164,5073.79867229336
03-03-20 14,100.21344,13797.589,13807.8066801027,-10.21781291519983
03-03-20 15,5.139435,18012.424,5511.027765769668,12501.396062355332
03-03-20 16,2.1443633999999996,9436.665,1277.081118856306,8159.583920206194
03-03-20 17,3.3914223000000003,4514.1167,34.65954476563412,4479.457154453115
03-03-20 18,48.5052,4210.262,0.0,4210.26220703125
03-03-20 19,6.333482,2356.4539,0.0,2356.453857421875
03-03-20 20,0.0,4918.066,0.0,4918.06591796875
03-03-20 21,0.0,4528.2026,0.0,4528.20263671875
03-03-20 22,0.0,4500.6167,0.0,4500.61669921875
03-03-20 23,0.0,4538.444,0.0,4538.44384765625
04-03-20 00,0.0,4514.9624,0.0,4514.96240234375
04-03-20 01,0.0,4507.702,0.0,4507.7021484375
04-03-20 02,0.0,4494.5796,0.0,4494.57958984375
04-03-20 03,0.0,4497.9995,0.0,4497.99951171875
04-03-20 04,0.0,4527.7065,0.0,4527.70654296875
04-03-20 05,0.0,4507.3286,0.0,4507.32861328125
04-03-20 06,0.0,4492.917,76.40235315037683,4416.514639037123
04-03-20 07,0.0,4951.8306,16911.40161369234,-11959.571047286088
04-03-20 08,5.092831000000001,81532.94,101601.25753630965,-20068.320036309655
04-03-20 09,70.22522,168589.84,167952.6519703565,637.1917796435009
04-03-20 10,156.75488,178342.28,199631.65230817997,-21289.371058179968
04-03-20 11,231.15565,201106.02,144150.06644949375,56955.94917550625
04-03-20 12,276.84967,118228.41,151257.350338407,-33028.944088407006
04-03-20 13,307.77625,124627.98,205469.81184622127,-80841.83528372127
04-03-20 14,311.2919299999999,160213.58,178077.67673019983,-17864.098605199833
04-03-20 15,283.43597,112454.195,102874.61452459644,9579.580787903556
04-03-20 16,231.02174,43077.066,35985.49825504673,7091.568151203268
04-03-20 17,159.11963,8913.458,2359.597864207184,6553.860143605316
04-03-20 18,80.37418000000001,-507.45422,0.0,-507.4542236328125
04-03-20 19,11.152760000000002,1289.7031,0.0,1289.703125
04-03-20 20,0.0,5320.206,0.0,5320.2060546875
04-03-20 21,0.0,4515.4297,0.0,4515.4296875
04-03-20 22,0.0,4489.1523,0.0,4489.15234375
04-03-20 23,0.0,4497.6265,0.0,4497.62646484375
05-03-20 00,0.0,4516.3887,0.0,4516.388671875
05-03-20 01,0.0,4552.591,0.0,4552.5908203125
05-03-20 02,0.0,4502.539,0.0,4502.5390625
05-03-20 03,0.0,4379.2373,0.0,4379.2373046875
05-03-20 04,0.0,4464.32,0.0,4464.31982421875
05-03-20 05,0.0,4398.6987,0.0,4398.69873046875
05-03-20 06,0.0,4503.0728,257.06187514013993,4246.01087876611
05-03-20 07,0.0,5754.406,9877.015124655687,-4122.609362936937
05-03-20 08,6.488484400000001,53843.723,115865.66362748672,-62021.94097123672
05-03-20 09,77.11203,200386.31,224864.80653198456,-24478.494031984563
05-03-20 10,163.6182,238397.94,259748.87435803303,-21350.936858033034
05-03-20 11,240.48471,267909.72,264846.28129208443,3063.43745791557
05-03-20 12,295.61035,251777.17,249658.2897963472,2118.882078652794
05-03-20 13,314.8355,211098.8,220991.35508985593,-9892.558214855933
05-03-20 14,319.43768,171659.36,139625.37081691914,32033.988558080862
05-03-20 15,289.82013,79320.4,106424.82222995644,-27104.423792456437
05-03-20 16,237.70155,46737.195,34178.59476501028,12558.600547489717
05-03-20 17,165.9717,9404.615,2919.042428759,6485.572805616001
05-03-20 18,85.83821,-31.837523,0.0,-31.837522506713867
05-03-20 19,12.092200000000004,1112.1876,0.0,1112.1876220703125
05-03-20 20,0.0,5411.897,0.0,5411.89697265625
05-03-20 21,0.0,4438.6606,0.0,4438.66064453125
05-03-20 22,0.0,4493.3325,0.0,4493.33251953125
05-03-20 23,0.0,4562.246,0.0,4562.24609375
06-03-20 00,0.0,4550.352,0.0,4550.35205078125
06-03-20 01,0.0,4498.9395,0.0,4498.939453125
06-03-20 02,0.0,4514.2207,0.0,4514.220703125
06-03-20 03,0.0,4513.082,0.0,4513.08203125
06-03-20 04,0.0,4528.344,0.0,4528.34423828125
06-03-20 05,0.0,4500.4746,0.0,4500.474609375
06-03-20 06,0.0,4512.638,0.0,4512.63818359375
06-03-20 07,0.0,4506.181,1384.0510500488053,3122.1301022949447
06-03-20 08,6.6776475999999985,10704.347,14775.17215461073,-4070.825474923229
06-03-20 09,50.222908,54185.305,60933.16873353848,-6747.864046038478
06-03-20 10,125.81931000000002,116370.41,128238.43720236281,-11868.03095236281
06-03-20 11,206.64677,165418.42,117225.60207322626,48192.819801773745
06-03-20 12,297.7468,116609.13,43960.45109983518,72648.68171266481
06-03-20 13,321.91895,50852.156,40637.5379420038,10214.6183079962
06-03-20 14,131.00304,33047.207,116196.99257748754,-83149.78554623754
06-03-20 15,296.25097999999997,169451.66,62407.11580060744,107044.54044939256
06-03-20 16,203.45863,20403.242,14066.270699576631,6336.971487923369
06-03-20 17,122.04695,3555.1555,218.8861928467647,3336.2693247313605
06-03-20 18,65.0892,-1581.2101,0.0,-1581.2100830078125
06-03-20 19,12.102231,1482.4476,0.0,1482.4476318359375
06-03-20 20,0.0,5270.82,0.0,5270.81982421875
06-03-20 21,0.0,4538.609,0.0,4538.60888671875
06-03-20 22,0.0,4508.5713,0.0,4508.5712890625
06-03-20 23,0.0,4473.5405,0.0,4473.54052734375
07-03-20 00,0.0,4578.538,0.0,4578.5380859375
07-03-20 01,0.0,4505.869,0.0,4505.869140625
07-03-20 02,0.0,4483.276,0.0,4483.27587890625
07-03-20 03,0.0,4530.4087,0.0,4530.40869140625
07-03-20 04,0.0,4505.9824,0.0,4505.982421875
07-03-20 05,0.0,4504.1973,0.0,4504.197265625
07-03-20 06,0.0,4482.0005,0.7500552662261998,4481.250433015024
07-03-20 07,0.0,4616.5825,3676.222391995566,940.3601275356841
07-03-20 08,7.8954277,21548.654,26473.545791067558,-4924.891494192558
07-03-20 09,50.163296,86436.016,29946.082318329234,56489.93330667076
07-03-20 10,79.881744,31145.441,34202.44651182088,-3057.0051055708827
07-03-20 11,127.790085,39574.254,20399.714296435817,19174.539609814183
07-03-20 12,138.88661000000002,14770.938,20087.527106715323,-5316.588630152823
07-03-20 13,121.40596,10100.331,21576.77067595922,-11476.439621271718
07-03-20 14,100.97417,12488.184,7635.462841330224,4852.720752419776
07-03-20 15,55.620940000000004,1587.5493,4583.37777610886,-2995.8284597026104
07-03-20 16,139.24553999999998,8653.458,1977.9438033542142,6675.514204458286
07-03-20 17,140.43391,2331.3381,0.0,2331.338134765625
07-03-20 18,62.27429,701.9276,0.0,701.9276123046875
07-03-20 19,10.248826,1933.5674,0.0,1933.5673828125
07-03-20 20,0.0,5213.966,0.0,5213.9658203125
07-03-20 21,0.0,4521.892,0.0,4521.89208984375
07-03-20 22,0.0,4465.0425,0.0,4465.04248046875
07-03-20 23,0.0,4518.7646,0.0,4518.7646484375
08-03-20 00,0.0,4542.166,0.0,4542.166015625
08-03-20 01,0.0,4509.7617,0.0,4509.76171875
08-03-20 02,0.0,4509.79,0.0,4509.7900390625
08-03-20 03,0.0,4512.402,0.0,4512.40185546875
08-03-20 04,0.0,4530.1016,0.0,4530.1015625
08-03-20 05,0.0,4532.3027,0.0,4532.302734375
08-03-20 06,0.0,4501.7974,161.7503004131276,4340.047062868122
08-03-20 07,0.0,5126.0586,8297.069060115236,-3171.0104663652364
08-03-20 08,9.763505,41972.91,22682.939499972512,19289.970656277488
08-03-20 09,83.88279,58232.51,42798.24690391085,15434.264814839153
08-03-20 10,174.2161,81468.414,185752.98661307545,-104284.57255057545
08-03-20 11,254.9872,213943.92,272222.3548185062,-58278.432943506225
08-03-20 12,316.09167,263173.66,252617.39922756597,10556.25702243403
08-03-20 13,348.7478,222880.95,228268.17306340561,-5387.219938405615
08-03-20 14,351.69946,177065.56,178877.05399304544,-1811.4914930454397
08-03-20 15,320.45447,109005.125,105374.40025195667,3630.724748043329
08-03-20 16,262.08636,45331.117,34741.817465963664,10589.299721536336
08-03-20 17,183.08130000000003,11246.156,3931.799604298985,7314.356645701015
08-03-20 18,96.484184,805.86725,0.0,805.8672485351562
08-03-20 19,16.31842,870.19415,0.0,870.1941528320312
08-03-20 20,0.0,5491.8545,0.0,5491.8544921875
08-03-20 21,0.0,4509.6904,0.0,4509.6904296875
08-03-20 22,0.0,4515.7085,0.0,4515.70849609375
08-03-20 23,0.0,4511.2637,0.0,4511.263671875
09-03-20 00,0.0,4514.518,0.0,4514.51806640625
09-03-20 01,0.0,4517.0596,0.0,4517.0595703125
09-03-20 02,0.0,4499.0103,0.0,4499.01025390625
09-03-20 03,0.0,4517.4043,0.0,4517.404296875
09-03-20 04,0.0,4499.889,0.0,4499.88916015625
09-03-20 05,0.0,4490.3994,0.0,4490.3994140625
09-03-20 06,0.0,4504.811,803.9410893442071,3700.8699458120427
09-03-20 07,0.0,7448.4263,8869.62852877694,-1421.2022592456906
09-03-20 08,11.170089000000003,41760.934,48158.884602601924,-6397.951008851924
09-03-20 09,77.7359,115794.484,119681.12978300035,-3886.645408000346
09-03-20 10,173.29456000000002,169008.08,176211.4177856002,-7203.339660600206
09-03-20 11,213.00118999999995,164315.03,155480.1190944848,8834.912155515194
09-03-20 12,268.9087,134731.69,134268.57526719614,463.11223280386184
09-03-20 13,297.95068,102514.664,107120.55178169422,-4605.887719194216
09-03-20 14,301.5109,69563.98,115096.44692242147,-45532.47035992147
09-03-20 15,203.36157,77558.68,43866.364722465754,33692.314965034246
09-03-20 16,139.11706999999998,13089.979,23834.75920122999,-10744.78068560499
09-03-20 17,168.43274000000002,18944.852,2864.4195726124185,16080.431989887582
09-03-20 18,76.62671,883.2456,0.0,883.24560546875
09-03-20 19,15.865245999999999,345.50797,0.0,345.5079650878906
09-03-20 20,0.0,5474.0513,0.0,5474.05126953125
09-03-20 21,0.0,4439.747,0.0,4439.7470703125
09-03-20 22,0.0,4436.965,0.0,4436.96484375
09-03-20 23,0.0,4438.4575,0.0,4438.45751953125
10-03-20 00,0.0,4622.043,0.0,4622.04296875
10-03-20 01,0.0,4512.345,0.0,4512.34521484375
10-03-20 02,0.0,4483.413,0.0,4483.4130859375
10-03-20 03,0.0,4500.4985,0.0,4500.49853515625
10-03-20 04,0.0,4404.0127,0.0,4404.0126953125
10-03-20 05,0.0,4410.7866,0.0,4410.78662109375
10-03-20 06,0.0,4434.457,1041.3280642796276,3393.1289669703724
10-03-20 07,0.0,9467.577,12801.99610428456,-3334.4189558470607
10-03-20 08,13.511439000000003,62030.934,137018.04884022102,-74987.11524647102
10-03-20 09,91.52327,211230.05,234378.81496797083,-23148.76809297083
10-03-20 10,184.57211,255733.58,264388.89600446547,-8655.317879465467
10-03-20 11,262.79400000000004,269280.22,214135.92532398092,55144.29342601908
10-03-20 12,305.26923,185364.69,267552.0786493428,-82187.39114934282
10-03-20 13,335.08954,237679.75,196838.14127672365,40841.60872327635
10-03-20 14,355.04364,148773.67,97242.31545815541,51531.35641684459
10-03-20 15,317.67264,58726.785,20255.516787644116,38471.26836860589
10-03-20 16,254.42810000000003,19085.357,15824.507304778474,3260.8501170965264
10-03-20 17,184.16693,8114.9077,1962.7163559251999,6152.19135891855
10-03-20 18,88.48025,1445.622,0.0,1445.6219482421875
10-03-20 19,17.279320000000006,1062.9764,0.0,1062.9764404296875
10-03-20 20,0.0,5511.1367,0.0,5511.13671875
10-03-20 21,0.0,4448.047,0.0,4448.046875
10-03-20 22,0.0,4439.8984,0.0,4439.8984375
10-03-20 23,0.0,4448.8594,0.0,4448.859375
11-03-20 00,0.0,4554.0977,0.0,4554.09765625
11-03-20 01,0.0,4540.966,0.0,4540.9658203125
11-03-20 02,0.0,4477.5176,0.0,4477.517578125
11-03-20 03,0.0,4516.9697,0.0,4516.9697265625
11-03-20 04,0.0,4495.803,0.0,4495.80322265625
11-03-20 05,0.0,4455.7324,0.0,4455.732421875
11-03-20 06,0.0,4349.6245,0.0,4349.62451171875
11-03-20 07,0.0,4686.7383,302.84309144812283,4383.895189801877
11-03-20 08,14.924965000000002,14069.71,53824.97421243416,-39755.26425149666
11-03-20 09,85.36615,154661.3,154494.60242038083,166.6944546191662
11-03-20 10,159.38348,183184.83,208074.02684626507,-24889.19872126507
11-03-20 11,253.93219,228172.48,213302.96525610416,14869.519118895842
11-03-20 12,286.75046000000003,189913.9,211681.19200129647,-21767.28575129647
11-03-20 13,318.00555,181341.23,199843.7318242848,-18502.497449284798
11-03-20 14,353.96692,170790.69,118994.26044033596,51796.42705966404
11-03-20 15,325.24492999999995,72254.2,104191.82573463689,-31937.622609636892
11-03-20 16,259.07153,53836.42,34469.67858900718,19366.743285992823
11-03-20 17,189.06482,11852.297,5231.442876825798,6620.853998174202
11-03-20 18,88.130135,2031.5835,0.0,2031.58349609375
11-03-20 19,19.163042,89.96698,0.0,89.96697998046875
11-03-20 20,0.0,5644.6133,0.0,5644.61328125
11-03-20 21,0.0,4454.1733,0.0,4454.17333984375
11-03-20 22,0.0,4434.438,0.0,4434.43798828125
11-03-20 23,0.0,4438.7554,0.0,4438.75537109375
12-03-20 00,0.0,4549.015,0.0,4549.01513671875
12-03-20 01,0.0,4567.565,0.0,4567.56494140625
12-03-20 02,0.0,4483.857,0.0,4483.85693359375
12-03-20 03,0.0,4374.14,0.0,4374.14013671875
12-03-20 04,0.0,4453.734,0.0,4453.73388671875
12-03-20 05,0.0,4447.749,0.0,4447.7490234375
12-03-20 06,0.0,4419.7944,381.3078584052448,4038.4865751885054
12-03-20 07,0.0,6459.569,10640.241519062025,-4180.672671405775
12-03-20 08,19.143126000000002,51961.973,88078.48094133007,-36116.50828508007
12-03-20 09,100.69261999999999,178194.23,173754.29823407912,4439.93614092088
12-03-20 10,186.30626,202191.61,223955.83659586255,-21764.22722086255
12-03-20 11,264.28674,229912.08,273401.0343110384,-43488.956186038384
12-03-20 12,288.0487,249566.31,106947.2278990376,142619.0846009624
12-03-20 13,227.76712,73870.47,41238.285499490754,32632.183250509246
12-03-20 14,342.9596,49741.066,109243.58525189062,-59502.51884564062
12-03-20 15,307.78018,96239.22,19790.623988058363,76448.59476194164
12-03-20 16,249.9025,20128.15,18097.50991628096,2030.6404743440398
12-03-20 17,63.182807999999994,17004.803,961.0062489683924,16043.796485406609
12-03-20 18,10.412922000000002,-925.98065,0.0,-925.9806518554688
12-03-20 19,16.372059,125.229164,0.0,125.22916412353516
12-03-20 20,0.0,5596.682,0.0,5596.68212890625
12-03-20 21,0.0,4461.486,0.0,4461.48583984375
12-03-20 22,0.0,4543.9136,0.0,4543.91357421875
12-03-20 23,0.0,4433.8145,0.0,4433.814453125
13-03-20 00,0.0,4544.792,0.0,4544.7919921875
13-03-20 01,0.0,4556.1147,0.0,4556.11474609375
13-03-20 02,0.0,4451.991,0.0,4451.9912109375
13-03-20 03,0.0,4363.753,0.0,4363.7529296875
13-03-20 04,0.0,4491.325,0.0,4491.3251953125
13-03-20 05,0.0,4555.6475,0.0,4555.6474609375
13-03-20 06,0.0,4472.6714,2358.658035982094,2114.013350736656
13-03-20 07,0.0,15800.042,12813.295937867251,2986.7460543202487
13-03-20 08,19.631033,48770.53,15229.804278594958,33540.72697140504
13-03-20 09,102.36616500000001,26385.033,100756.52479463884,-74371.49159151384
13-03-20 10,192.30516000000003,177937.86,203114.19854571178,-25176.339170711784
13-03-20 11,231.13917999999998,187388.23,143207.00446747916,44181.22990752084
13-03-20 12,273.28747999999996,115086.766,139865.13260942767,-24778.366984427674
13-03-20 13,325.7645,124135.63,169245.89471519808,-45110.26190269808
13-03-20 14,344.06199999999995,140152.64,106378.97663594033,33773.66398905967
13-03-20 15,109.8875,74831.22,51418.1829654883,23413.035784511703
13-03-20 16,61.356483,27379.023,16405.915215304107,10973.108222195893
13-03-20 17,155.65076000000002,13547.839,5470.022783389734,8077.816083797766
13-03-20 18,74.57474,2136.9023,0.0,2136.90234375
13-03-20 19,17.321709,-267.66193,0.0,-267.66192626953125
13-03-20 20,0.0,5532.9976,0.0,5532.99755859375
13-03-20 21,0.0,4430.4795,0.0,4430.4794921875
13-03-20 22,0.0,4438.5474,0.0,4438.54736328125
13-03-20 23,0.0,4443.446,0.0,4443.44580078125
14-03-20 00,0.0,4479.001,0.0,4479.0009765625
14-03-20 01,0.0,4610.0073,0.0,4610.00732421875
14-03-20 02,0.0,4454.1875,0.0,4454.1875
14-03-20 03,0.0,4422.317,0.0,4422.31689453125
14-03-20 04,0.0,4541.009,0.0,4541.0087890625
14-03-20 05,0.0,4426.0107,0.0,4426.0107421875
14-03-20 06,0.0,4553.0776,2537.7785370253046,2015.2990996934454
14-03-20 07,0.0,17151.727,12407.933144276773,4743.7934182232275
14-03-20 08,18.248297,49988.418,171436.4878079566,-121448.06983920661
14-03-20 09,71.71698,214968.12,241263.9012296029,-26295.776229602896
14-03-20 10,162.98302999999999,252246.94,274916.4644705817,-22669.526970581675
14-03-20 11,221.64024,272331.03,273362.00153903087,-1030.970289030869
14-03-20 12,202.53885,245126.3,266686.0392959262,-21559.742420926224
14-03-20 13,330.23798000000005,254095.89,232931.57012360953,21164.320501390466
14-03-20 14,381.11786000000006,204014.73,184988.0933119157,19026.641063084302
14-03-20 15,349.17663999999996,115270.6,119533.80029006614,-4263.198727566138
14-03-20 16,288.5384,54248.85,40607.882110769795,13640.969451730205
14-03-20 17,206.41187,14923.286,4981.609579235437,9941.676553577063
14-03-20 18,116.58341999999999,1560.0386,0.041024783886691084,1559.9975494348632
14-03-20 19,27.643555,900.71375,0.0,900.7137451171875
14-03-20 20,0.0,5659.011,0.0,5659.01123046875
14-03-20 21,0.0,4519.5586,0.0,4519.55859375
14-03-20 22,0.0,4531.9673,0.0,4531.96728515625
14-03-20 23,0.0,4531.9487,0.0,4531.94873046875
15-03-20 00,0.0,4410.3755,0.0,4410.37548828125
15-03-20 01,0.0,4582.081,0.0,4582.0810546875
15-03-20 02,0.0,4500.503,0.0,4500.5029296875
15-03-20 03,0.0,4501.9014,0.0,4501.9013671875
15-03-20 04,0.0,4489.171,0.0,4489.1708984375
15-03-20 05,0.0,4530.47,0.0,4530.47021484375
15-03-20 06,0.0,4442.265,2559.6595862826052,1882.6055504361448
15-03-20 07,0.0,17828.525,11740.729458190317,6087.795932434683
15-03-20 08,25.293823,45580.203,179897.01253230427,-134316.80940730427
15-03-20 09,114.581924,239577.38,266597.70901203237,-27020.33401203237
15-03-20 10,208.99761999999998,288076.72,298461.1556535389,-10384.43690353888
15-03-20 11,293.4733,312974.94,303417.077246755,9557.860253244988
15-03-20 12,357.1477,299654.56,286740.1006352365,12914.461864763522
15-03-20 13,391.6091,259466.48,249416.88467633142,10049.599698668579
15-03-20 14,393.35532,194808.95,195585.44184226953,-776.4887172695308
15-03-20 15,360.11362,121638.42,120276.99832078142,1361.423554218578
15-03-20 16,296.99005,56743.176,37374.04641154464,19369.129369705362
15-03-20 17,213.42852999999997,15260.854,6304.766677409275,8956.086838215724
15-03-20 18,126.12527,2096.77,0.0,2096.77001953125
15-03-20 19,33.29294,945.57446,0.0,945.574462890625
15-03-20 20,0.0,5274.467,0.0,5274.466796875
15-03-20 21,0.0,4554.7593,0.0,4554.75927734375
15-03-20 22,0.0,4538.7744,0.0,4538.7744140625
15-03-20 23,0.0,4445.784,0.0,4445.7841796875
16-03-20 00,0.0,4519.1523,0.0,4519.15234375
16-03-20 01,0.0,4461.6367,0.0,4461.63671875
16-03-20 02,0.0,4495.94,0.0,4495.93994140625
16-03-20 03,0.0,4534.613,0.0,4534.61279296875
16-03-20 04,0.0,4440.6494,0.0,4440.6494140625
16-03-20 05,0.0,4421.2305,0.0,4421.23046875
16-03-20 06,0.0,4478.8926,3763.7354545156586,715.1571236093414
16-03-20 07,0.0,23307.049,25329.851322345767,-2022.8024942207667
16-03-20 08,29.540964000000002,87528.266,103191.10434572508,-15662.838720725078
16-03-20 09,97.07329,146134.38,150849.46390206643,-4715.088902066433
16-03-20 10,167.14288,149286.97,209158.89517086206,-59871.92642086206
16-03-20 11,251.23752000000002,220487.6,260299.9642069126,-39812.37045691261
16-03-20 12,321.59882000000005,264623.0,256790.86219611863,7832.137803881371
16-03-20 13,353.96713,229290.17,215756.54256259222,13533.629312407778
16-03-20 14,381.21207000000004,175443.08,174330.29457156622,1112.7835534337792
16-03-20 15,348.60706,109746.44,98806.25515130638,10940.18234869362
16-03-20 16,289.9498299999999,47153.824,37337.63620969552,9816.18800905448
16-03-20 17,210.65402000000003,14779.323,8084.092762349259,6695.230479838241
16-03-20 18,122.37231399999997,2608.282,0.0,2608.281982421875
16-03-20 19,33.78906200000001,459.0555,0.0,459.0555114746094
16-03-20 20,0.0,5229.918,0.0,5229.91796875
16-03-20 21,0.0,4440.555,0.0,4440.55517578125
16-03-20 22,0.0,4436.346,0.0,4436.34619140625
16-03-20 23,0.0,4438.623,0.0,4438.623046875
17-03-20 00,0.0,4440.163,0.0,4440.1630859375
17-03-20 01,0.0,4505.7085,0.0,4505.70849609375
17-03-20 02,0.0,4392.879,0.0,4392.87890625
17-03-20 03,0.0,4434.6313,0.0,4434.63134765625
17-03-20 04,0.0,4438.132,0.0,4438.1318359375
17-03-20 05,0.0,4441.4385,0.0,4441.4384765625
17-03-20 06,0.0,4443.9893,3638.3337994668937,805.6554583456063
17-03-20 07,0.0,24361.176,17232.042276263466,7129.133504986534
17-03-20 08,27.695090000000004,65656.63,155708.54232902537,-90051.90951652537
17-03-20 09,113.06973,211562.73,217545.24389419274,-5982.509519192739
17-03-20 10,200.493,233357.22,249680.77681153454,-16323.558061534539
17-03-20 11,273.1101,254691.34,257853.82661698057,-3162.482866980572
17-03-20 12,341.9044799999999,253765.61,239745.00223792423,14020.60713707577
17-03-20 13,342.78162000000003,197551.3,214270.56163024038,-16719.26475524038
17-03-20 14,375.14,180829.22,164732.05192729252,16097.166822707484
17-03-20 15,342.55084,102555.766,100015.83437366723,2539.931251332775
17-03-20 16,282.8849,44685.23,37002.22161472554,7683.0088540244615
17-03-20 17,202.6978,13919.034,6175.573066005802,7743.461113681698
17-03-20 18,111.68781000000003,2078.5935,0.3352550590228414,2078.258250800352
17-03-20 19,21.604782,763.529,0.0,763.5289916992188
17-03-20 20,0.0,5785.5723,0.0,5785.572265625
17-03-20 21,0.0,4444.6313,0.0,4444.63134765625
17-03-20 22,0.0,4433.4697,0.0,4433.4697265625
17-03-20 23,0.0,4439.747,0.0,4439.7470703125
18-03-20 00,0.0,4437.225,0.0,4437.22509765625
18-03-20 01,0.0,4575.024,0.0,4575.02392578125
18-03-20 02,0.0,4566.427,0.0,4566.4267578125
18-03-20 03,0.0,4479.7993,0.0,4479.79931640625
18-03-20 04,0.0,4445.482,0.0,4445.48193359375
18-03-20 05,0.0,4519.015,0.0,4519.01513671875
18-03-20 06,0.0,4486.724,4457.711128011884,29.012993081865716
18-03-20 07,0.0,27825.14,21981.098266001656,5844.042358998344
18-03-20 08,33.833650000000006,80531.25,163797.1996580769,-83265.94965807689
18-03-20 09,122.20302,214434.58,225440.85154353242,-11006.273418532423
18-03-20 10,208.63905,241893.4,256267.00963424268,-14373.603384242684
18-03-20 11,280.57294,258932.25,261798.5178343967,-2866.2678343967127
18-03-20 12,334.23804,248153.89,251152.6548743813,-2998.764249381289
18-03-20 13,238.4752,204851.39,204518.07695248834,333.31367251166375
18-03-20 14,380.17642000000006,171965.22,160215.76278400063,11749.455965999368
18-03-20 15,348.5672,100191.57,96171.83825820776,4019.732054292239
18-03-20 16,290.81929999999994,45076.18,39713.03363546137,5363.146052038632
18-03-20 17,212.84071,15507.753,7200.979922408121,8306.773007279378
18-03-20 18,126.21203,2411.65,0.0,2411.64990234375
18-03-20 19,37.60360299999999,445.35687,0.0,445.35687255859375
18-03-20 20,0.0,4982.927,0.0,4982.9267578125
18-03-20 21,0.0,4449.5063,0.0,4449.50634765625
18-03-20 22,0.0,4489.5015,0.0,4489.50146484375
18-03-20 23,0.0,4409.851,0.0,4409.85107421875
19-03-20 00,0.0,4435.7085,0.0,4435.70849609375
19-03-20 01,0.0,4490.347,0.0,4490.34716796875
19-03-20 02,0.0,4513.8003,0.0,4513.80029296875
19-03-20 03,0.0,4498.8545,0.0,4498.8544921875
19-03-20 04,0.0,4551.382,0.0,4551.3818359375
19-03-20 05,0.0,4437.8013,0.0,4437.80126953125
19-03-20 06,0.0,4357.9854,2327.716200321746,2030.2691512407541
19-03-20 07,0.0,16508.775,13398.803335837698,3109.972054787302
19-03-20 08,18.346167,53038.39,27609.06010482704,25429.33052017296
19-03-20 09,119.96956000000002,55300.67,84106.19350006513,-28805.52162506513
19-03-20 10,202.28993,145871.98,129520.34514293233,16351.639232067668
19-03-20 11,257.8209,141981.44,78805.79068223189,63175.64681776811
19-03-20 12,288.90466,64581.848,112195.69003398273,-47613.842377732726
19-03-20 13,356.28333,137118.4,163409.8202792246,-26291.4140292246
19-03-20 14,121.03883,131523.52,128056.468905425,3467.046719574995
19-03-20 15,22.505539000000002,101860.16,93402.69556497615,8457.460685023849
19-03-20 16,9.821014000000002,65123.652,32452.811889784076,32670.840453965924
19-03-20 17,60.802184999999994,34753.586,6863.850762261476,27889.735175238522
19-03-20 18,86.22994,8701.53,0.7424715513891407,8700.78780188611
19-03-20 19,24.461844999999997,-566.5662,0.0,-566.5662231445312
19-03-20 20,0.0,5697.849,0.0,5697.84912109375
19-03-20 21,0.0,4438.1226,0.0,4438.12255859375
19-03-20 22,0.0,4438.1226,0.0,4438.12255859375
19-03-20 23,0.0,4438.132,0.0,4438.1318359375
20-03-20 00,0.0,4438.132,0.0,4438.1318359375
20-03-20 01,0.0,4440.503,0.0,4440.5029296875
20-03-20 02,0.0,4599.6104,0.0,4599.6103515625
20-03-20 03,0.0,4423.7812,0.0,4423.78125
20-03-20 04,0.0,4456.715,0.0,4456.71484375
20-03-20 05,0.0,4406.5728,0.0,4406.57275390625
20-03-20 06,0.0,4455.1274,1270.7786235484164,3184.3488178578336
20-03-20 07,0.0,10925.873,16747.426903153,-5821.553856277998
20-03-20 08,17.478008000000003,72604.52,93485.3390556472,-20880.8156181472
20-03-20 09,66.18160999999999,142246.47,117560.67165210382,24685.797097896182
20-03-20 10,52.482924999999994,100479.43,84605.00303456886,15874.426652931143
20-03-20 11,53.462097,60398.38,50974.775353104626,9423.603553145374
20-03-20 12,146.74498,40670.1,145496.3614642242,-104826.2599017242
20-03-20 13,249.67307000000002,208699.7,116736.63877269662,91963.06435230338
20-03-20 14,36.223633,96781.69,37875.50681584799,58906.18068415201
20-03-20 15,4.427597,34334.71,13719.54923002617,20615.16170747383
20-03-20 16,10.471878,12414.017,4713.615209407062,7700.401392155438
20-03-20 17,132.65472,-1526.9021,813.9234093939987,-2340.8255090033736
20-03-20 18,92.79310600000001,-916.7223,0.0,-916.7222900390625
20-03-20 19,30.607437000000008,382.1353,0.0,382.13531494140625
20-03-20 20,0.0,5446.578,0.0,5446.578125
20-03-20 21,0.0,4432.7183,0.0,4432.71826171875
20-03-20 22,0.0,4436.965,0.0,4436.96484375
20-03-20 23,0.0,4441.382,0.0,4441.3818359375
21-03-20 00,0.0,4455.2124,0.0,4455.21240234375
21-03-20 01,0.0,4432.312,0.0,4432.31201171875
21-03-20 02,0.0,4591.8447,0.0,4591.8447265625
21-03-20 03,0.0,4488.694,0.0,4488.69384765625
21-03-20 04,0.0,4548.949,0.0,4548.94921875
21-03-20 05,0.0,4534.367,0.0,4534.3671875
21-03-20 06,0.0,4510.031,495.9707947189693,4014.059966999781
21-03-20 07,0.0,6590.15,22590.794368022882,-16000.644465679132
21-03-20 08,19.773045,96546.08,20022.450746374983,76523.62737862501
21-03-20 09,91.74936,23776.764,22813.91895176085,962.8447201141498
21-03-20 10,204.61049,36222.945,33054.08073153987,3168.8645809601294
21-03-20 11,255.94442999999998,43560.742,32680.245386376762,10880.496801123238
21-03-20 12,321.7895,50711.85,53365.986258806144,-2654.134696306144
21-03-20 13,357.13882,71345.27,117889.7950656578,-46544.5216281578
21-03-20 14,273.1943,101205.375,32343.282318247628,68862.09268175237
21-03-20 15,222.1052,18844.11,47663.90669285156,-28819.79731785156
21-03-20 16,264.88037,61577.69,31727.962580094485,29849.728826155515
21-03-20 17,174.36844,13764.202,9216.545028806191,4547.657119631309
21-03-20 18,130.76308999999998,1451.0022,103.557314383517,1347.444882882108
21-03-20 19,36.31472,746.91113,0.0,746.9111328125
21-03-20 20,0.0,4950.735,0.0,4950.73486328125
21-03-20 21,0.0,4429.6904,0.0,4429.6904296875
21-03-20 22,0.0,4418.812,0.0,4418.81201171875
21-03-20 23,0.0,4530.1157,0.0,4530.11572265625
22-03-20 00,0.0,4589.738,0.0,4589.73779296875
22-03-20 01,0.0,4495.4727,0.0,4495.47265625
22-03-20 02,0.0,4524.792,0.0,4524.7919921875
22-03-20 03,0.0,4521.122,0.0,4521.1220703125
22-03-20 04,0.0,4512.539,0.0,4512.5390625
22-03-20 05,0.0,4512.6997,0.0,4512.69970703125
22-03-20 06,0.0,4494.041,7889.55005741214,-3395.5090417871397
22-03-20 07,0.0,42179.75,29240.130421120284,12939.619578879716
22-03-20 08,47.786232000000005,88812.48,115709.94187607014,-26897.465313570137
22-03-20 09,118.93420400000001,151518.02,78571.23004330545,72946.78558169455
22-03-20 10,188.875,71543.02,55391.66517373225,16151.358263767746
22-03-20 11,281.47534,68366.81,97764.72108769181,-29397.90858769181
22-03-20 12,66.40921,101179.34,109632.25773337306,-8452.913983373059
22-03-20 13,174.20784000000003,94838.05,226691.89844554267,-131853.85157054267
22-03-20 14,247.23871,225234.17,167920.3237228377,57313.8481521623
22-03-20 15,339.02484,148481.17,74027.08638594048,74454.08548905952
22-03-20 16,317.35352,53001.215,34541.50145709636,18459.71338665364
22-03-20 17,234.41177000000002,17469.09,7380.67183446523,10088.418009284771
22-03-20 18,106.55856999999997,4750.839,123.13963535656482,4627.699231830935
22-03-20 19,43.456436,-666.5568,0.0,-666.5568237304688
22-03-20 20,0.0,4472.18,0.0,4472.18017578125
22-03-20 21,0.0,4490.909,0.0,4490.9091796875
22-03-20 22,0.0,4491.7456,0.0,4491.74560546875
22-03-20 23,0.0,4535.1465,0.0,4535.146484375
23-03-20 00,0.0,4502.029,0.0,4502.02880859375
23-03-20 01,0.0,4513.8145,0.0,4513.814453125
23-03-20 02,0.0,4530.9233,0.0,4530.92333984375
23-03-20 03,0.0,4503.8096,0.0,4503.8095703125
23-03-20 04,0.0,4515.4014,0.0,4515.4013671875
23-03-20 05,0.0,4511.561,0.0,4511.56103515625
23-03-20 06,0.0,4500.9565,5126.369106090285,-625.4125631215347
23-03-20 07,0.0,31553.709,20668.886833061286,10884.822151313714
23-03-20 08,48.835213,75247.28,212251.3453606581,-137004.0641106581
23-03-20 09,143.91177,236732.64,264309.05825529655,-27576.41763029655
23-03-20 10,239.33646000000002,287495.9,289930.1343630267,-2434.2281130267074
23-03-20 11,321.4707,298584.72,289664.39505342394,8920.323696576059
23-03-20 12,383.58215,278827.28,279020.58434728574,-193.30309728573775
23-03-20 13,417.39606000000003,249156.22,251238.49128127852,-2082.2725312785187
23-03-20 14,420.0857,197684.62,187936.2784319667,9748.346568033303
23-03-20 15,385.48663,116075.19,124077.06216469487,-8001.874664694871
23-03-20 16,321.5916,62442.35,45356.114251173516,17086.237311326484
23-03-20 17,236.31482999999997,19275.527,8445.672263876646,10829.855079873354
23-03-20 18,142.62090999999998,3450.9229,211.62725574422402,3239.295595818276
23-03-20 19,48.254646,805.4374,0.0,805.4373779296875
23-03-20 20,0.0,3847.7253,0.0,3847.725341796875
23-03-20 21,0.0,4444.263,0.0,4444.26318359375
23-03-20 22,0.0,4427.3853,0.0,4427.38525390625
23-03-20 23,0.0,4482.4683,0.0,4482.46826171875
24-03-20 00,0.0,4444.537,0.0,4444.537109375
24-03-20 01,0.0,4470.2715,0.0,4470.271484375
24-03-20 02,0.0,4474.2964,0.0,4474.29638671875
24-03-20 03,0.0,4633.04,0.0,4633.0400390625
24-03-20 04,0.0,4482.912,0.0,4482.912109375
24-03-20 05,0.0,4482.5674,2.5956412436648297,4479.971741568836
24-03-20 06,0.0,4569.0625,6690.34154963411,-2121.2790496341104
24-03-20 07,0.1156699659999997,39240.223,27197.958524402904,12042.264131847096
24-03-20 08,52.263729999999995,87691.15,208344.339056214,-120653.190618714
24-03-20 09,148.2002,231600.2,263853.47374767344,-32253.270622673444
24-03-20 10,243.96475,287521.22,291660.3642704593,-4139.1455204592785
24-03-20 11,329.07227000000006,303091.84,294034.6518375505,9057.191912449489
24-03-20 12,391.9776,286213.84,282287.4360951091,3926.407654890907
24-03-20 13,425.90558,251718.16,249070.90403334366,2647.252216656343
24-03-20 14,424.63873,193168.62,195508.15550351643,-2339.5305035164347
