1:00 AM/ 15,0
1:15 AM/ 15,0
1:30 AM/ 15,0
1:45 AM/ 15,0
2:00 AM/ 15,0
2:15 AM/ 15,0
2:30 AM/ 15,0
2:45 AM/ 15,0
3:00 AM/ 15,0
3:15 AM/ 15,0
3:30 AM/ 15,0
3:45 AM/ 15,0
4:00 AM/ 15,0
4:15 AM/ 15,0
4:30 AM/ 15,0
4:45 AM/ 15,0
5:00 AM/ 15,1.3
5:15 AM/ 15,8.8
5:30 AM/ 15,22.22
5:45 AM/ 15,30.47
6:00 AM/ 15,39.89
6:15 AM/ 15,63.7
6:30 AM/ 15,94.84
6:45 AM/ 15,135.55
7:00 AM/ 15,177.81
7:15 AM/ 15,253.81
7:30 AM/ 15,315.36
7:45 AM/ 15,365.28
8:00 AM/ 15,388.89
8:15 AM/ 15,465.27
8:30 AM/ 15,518.19
8:45 AM/ 15,575.47
9:00 AM/ 15,572.57
9:15 AM/ 15,648.64
9:30 AM/ 15,725.64
9:45 AM/ 15,788.96
10:00 AM/ 15,865.24
10:15 AM/ 15,865.93
10:30 AM/ 15,951.51
10:45 AM/ 15,945.03
11:00 AM/ 15,828.73
11:15 AM/ 15,892.32
11:30 AM/ 15,871.14
11:45 AM/ 15,1029.38
12:00 PM/ 15,931.4
12:15 PM/ 15,1003.81
12:30 PM/ 15,1093.4
12:45 PM/ 15,1003.6
1:00 PM/ 15,882.95
1:15 PM/ 15,838.86
1:30 PM/ 15,995.31
1:45 PM/ 15,933.12
2:00 PM/ 15,938.81
2:15 PM/ 15,894.01
2:30 PM/ 15,742.36
2:45 PM/ 15,605.43
3:00 PM/ 15,530.19
3:15 PM/ 15,550.44
3:30 PM/ 15,589.76
3:45 PM/ 15,609.83
4:00 PM/ 15,602.46
4:15 PM/ 15,417.18
4:30 PM/ 15,389.81
4:45 PM/ 15,386.45
5:00 PM/ 15,333.34
5:15 PM/ 15,242.99
5:30 PM/ 15,196.19
5:45 PM/ 15,242.19
6:00 PM/ 15,157.27
6:15 PM/ 15,135.21
6:30 PM/ 15,118.3
6:45 PM/ 15,104.8
7:00 PM/ 15,105.4
7:15 PM/ 15,82.65
7:30 PM/ 15,61.89
7:45 PM/ 15,41.38
8:00 PM/ 15,30.9
8:15 PM/ 15,27.08
8:30 PM/ 15,25.22
8:45 PM/ 15,17.3
9:00 PM/ 15,7.31
9:15 PM/ 15,0.96
9:30 PM/ 15,
9:45 PM/ 15,
10:00 PM/ 15,
10:15 PM/ 15,
10:30 PM/ 15,
10:45 PM/ 15,
11:00 PM/ 15,
11:15 PM/ 15,
11:30 PM/ 15,
11:45 PM/ 15,
12:00 AM/ 16,
12:15 AM/ 16,
12:30 AM/ 16,
12:45 AM/ 16,
1:00 AM/ 16,
