1:00 AM/ 15,
1:15 AM/ 15,
1:30 AM/ 15,
1:45 AM/ 15,
2:00 AM/ 15,
2:15 AM/ 15,
2:30 AM/ 15,
2:45 AM/ 15,
3:00 AM/ 15,
3:15 AM/ 15,
3:30 AM/ 15,
3:45 AM/ 15,
4:00 AM/ 15,
4:15 AM/ 15,
4:30 AM/ 15,
4:45 AM/ 15,
5:00 AM/ 15,0
5:15 AM/ 15,17.34
5:30 AM/ 15,80.14
5:45 AM/ 15,110.22
6:00 AM/ 15,146.83
6:15 AM/ 15,235.81
6:30 AM/ 15,319.27
6:45 AM/ 15,404.49
7:00 AM/ 15,508.95
7:15 AM/ 15,948.58
7:30 AM/ 15,1150.49
7:45 AM/ 15,1421.8
8:00 AM/ 15,1726.86
8:15 AM/ 15,2092.39
8:30 AM/ 15,2314.47
8:45 AM/ 15,2569.53
9:00 AM/ 15,2539.68
9:15 AM/ 15,2868.85
9:30 AM/ 15,3149.28
9:45 AM/ 15,3350.88
10:00 AM/ 15,3604.11
10:15 AM/ 15,3589.91
10:30 AM/ 15,3886.25
10:45 AM/ 15,3831.39
11:00 AM/ 15,3396.11
11:15 AM/ 15,3628.12
11:30 AM/ 15,3519.81
11:45 AM/ 15,4024.58
12:00 PM/ 15,3646.38
12:15 PM/ 15,3906.38
12:30 PM/ 15,4190
12:45 PM/ 15,3875.25
1:00 PM/ 15,3488.86
1:15 PM/ 15,3372.33
1:30 PM/ 15,3959.84
1:45 PM/ 15,3712.21
2:00 PM/ 15,3723.97
2:15 PM/ 15,3560.4
2:30 PM/ 15,3035.51
2:45 PM/ 15,2550.84
3:00 PM/ 15,2312.84
3:15 PM/ 15,2422.36
3:30 PM/ 15,2573
3:45 PM/ 15,2644.54
4:00 PM/ 15,2649.51
4:15 PM/ 15,1852.01
4:30 PM/ 15,1768.67
4:45 PM/ 15,1775.42
5:00 PM/ 15,1569.68
5:15 PM/ 15,1129.71
5:30 PM/ 15,910.92
5:45 PM/ 15,1172.68
6:00 PM/ 15,723.95
6:15 PM/ 15,624.26
6:30 PM/ 15,553.16
6:45 PM/ 15,507.27
7:00 PM/ 15,
7:15 PM/ 15,
7:30 PM/ 15,
7:45 PM/ 15,
8:00 PM/ 15,
8:15 PM/ 15,
8:30 PM/ 15,
8:45 PM/ 15,
9:00 PM/ 15,
9:15 PM/ 15,
9:30 PM/ 15,
9:45 PM/ 15,
10:00 PM/ 15,
10:15 PM/ 15,
10:30 PM/ 15,
10:45 PM/ 15,
11:00 PM/ 15,
11:15 PM/ 15,
11:30 PM/ 15,
11:45 PM/ 15,
12:00 AM/ 16,
12:15 AM/ 16,
12:30 AM/ 16,
12:45 AM/ 16,
1:00 AM/ 16,
