datetime,irradiation(t-24hr)(W/m^2),Power(t-24hr)(W),Predicted(W),Actual(W),error(W)
09-04-17 17,62.35796634,287.0906528,1840.1445,2847.1314,-1006.986869
09-04-17 18,36.58118818,159.2882119,932.9263,1853.655096,-920.728826
09-04-17 19,3.99149815,8.54835644,438.9016,754.4147008,-315.5130895
09-04-17 20,0.006108858,0,119.78249,183.2683405,-63.48584692
09-04-17 21,0.061647276,0,9.480905,3.4513876,6.029516979
09-04-17 22,0.024426181,0,-17.905565,0,-17.90556526
09-04-17 23,0.024481235,0,-25.646404,0,-25.64640427
10-04-17 00,0.006410333,0,-25.856718,0,-25.85671806
10-04-17 01,0.038790528,0,-22.478127,0,-22.47812653
10-04-17 02,0.182021426,0,-18.651947,0,-18.65194702
10-04-17 03,0.160715456,0,-16.462473,0,-16.46247292
10-04-17 04,0.100451622,0,-15.507282,0,-15.50728226
10-04-17 05,0.245100912,0,-16.530691,0,-16.53069115
10-04-17 06,1.434413322,1.159697846,-21.125189,0,-21.12518883
10-04-17 07,26.53754848,109.1452681,-22.660706,0,-22.66070557
10-04-17 08,73.54993295,349.5866521,40.253002,46.34375809,-6.090755923
10-04-17 09,148.3980536,730.9627428,251.92296,288.028121,-36.10516258
10-04-17 10,181.37614,894.7648297,1007.963,747.7096893,260.2533234
10-04-17 11,606.561443,2803.86321,2194.4976,1314.21855,880.2790085
10-04-17 12,989.5224603,4285.861765,3026.2104,1848.370541,1177.839908
10-04-17 13,824.2548802,3649.588031,3438.9087,1433.704887,2005.203805
10-04-17 14,495.6245214,2304.9402,3471.9968,2144.405273,1327.591553
10-04-17 15,474.2064411,2290.219472,3259.5981,1812.18669,1447.411454
10-04-17 16,200.9063794,996.0983203,2816.3843,1165.664112,1650.720165
10-04-17 17,152.956136,778.5197138,2163.796,1780.140239,383.6556591
10-04-17 18,68.07767484,315.9158544,1359.659,1359.418006,0.241051156
10-04-17 19,10.22871711,31.69396838,560.86945,470.942471,89.92697481
10-04-17 20,0.018524728,0,115.19706,115.5919251,-0.394865482
10-04-17 21,0.012583166,0,15.295083,34.23073123,-18.93564818
10-04-17 22,0.274325045,0,-9.545211,0,-9.545210838
10-04-17 23,0.233403247,0,-21.13539,0,-21.13538933
11-04-17 00,0.018512028,0,-24.82524,0,-24.82523918
11-04-17 01,0.006172834,0,-24.330982,0,-24.33098221
11-04-17 02,0.1198496,0,-19.945503,0,-19.94550323
11-04-17 03,0.271230142,0,-12.875003,0,-12.87500286
11-04-17 04,0.037749334,0,-9.097934,0,-9.097933769
11-04-17 05,0.031800121,0,-7.733818,0,-7.733818054
11-04-17 06,10.66998988,33.33308611,-15.001533,0,-15.00153255
11-04-17 07,75.83406017,208.0651394,-22.931902,0,-22.93190193
11-04-17 08,283.1025421,1362.449485,46.495125,0.044015393,46.45110942
11-04-17 09,659.7568006,3297.512166,287.19324,188.906391,98.28684629
11-04-17 10,864.7207983,3986.073966,1172.3584,232.9894888,939.3689096
11-04-17 11,977.9100738,4332.337062,2064.908,329.1781258,1735.729833
11-04-17 12,1004.749306,4376.832818,2604.5813,620.6097423,1983.971557
11-04-17 13,946.9203449,4146.850863,2641.6252,698.3562086,1943.269036
11-04-17 14,811.8387886,3644.647699,2672.4343,1402.893876,1269.54045
11-04-17 15,601.3132901,2847.1314,2351.1765,1412.621556,938.5549576
11-04-17 16,362.6075771,1853.655096,1900.3708,784.6369744,1115.733875
11-04-17 17,142.0597294,754.4147008,1520.7626,1285.957811,234.804762
11-04-17 18,47.45111435,183.2683405,911.98584,1187.077791,-275.0919513
11-04-17 19,3.216212477,3.4513876,380.36813,497.5537218,-117.1855883
11-04-17 20,0,0,98.508415,190.2930425,-91.78462729
11-04-17 21,0,0,2.8927157,21.9492981,-19.0565824
11-04-17 22,0,0,-20.63502,0,-20.6350193
11-04-17 23,0,0,-25.61413,0,-25.61413002
12-04-17 00,0,0,-24.294899,0,-24.29489899
12-04-17 01,0,0,-21.023613,0,-21.02361298
12-04-17 02,0.006461502,0,-19.223923,0,-19.22392273
12-04-17 03,0.026209751,0,-17.639574,0,-17.63957405
12-04-17 04,0.170704882,0,-18.228003,0,-18.22800255
12-04-17 05,0.039153377,0,-23.295696,0,-23.29569626
12-04-17 06,14.57350012,46.34375809,-20.824163,0,-20.82416344
12-04-17 07,66.82862772,288.028121,-28.528118,0,-28.52811813
12-04-17 08,147.5520135,747.7096893,-29.357351,72.95781793,-102.3151692
12-04-17 09,255.5954734,1314.21855,139.36694,257.6882569,-118.3213136
12-04-17 10,358.0449013,1848.370541,572.30896,592.6950881,-20.38612816
12-04-17 11,287.9922894,1433.704887,1358.4987,972.4603357,386.0383215
12-04-17 12,446.4413563,2144.405273,1911.2424,2114.244128,-203.0016961
12-04-17 13,365.7574532,1812.18669,2224.3176,1616.39915,607.9184765
12-04-17 14,233.4521265,1165.664112,2370.7612,1795.315971,575.4452593
12-04-17 15,343.0774249,1780.140239,2207.9443,1963.031067,244.9132685
12-04-17 16,261.9232214,1359.418006,1806.8911,1673.278438,133.6126753
12-04-17 17,92.05307868,470.942471,1475.382,936.996834,538.385124
12-04-17 18,26.57375603,115.5919251,1010.46985,1040.985981,-30.51613189
12-04-17 19,7.303934578,34.23073123,472.9573,708.8079338,-235.8506279
12-04-17 20,0.170369703,0,186.5832,220.3015663,-33.71836013
12-04-17 21,0.210051268,0,2.0802472,32.82798021,-30.74773305
12-04-17 22,0.063064271,0,-20.397251,0,-20.39725113
12-04-17 23,0.018543235,0,-25.341467,0,-25.3414669
13-04-17 00,0.260398622,0,-24.539688,0,-24.53968811
13-04-17 01,0.288625803,0,-22.063894,0,-22.06389427
13-04-17 02,0.107241798,0,-20.936428,0,-20.93642807
13-04-17 03,0.334534724,0,-19.65852,0,-19.65851974
13-04-17 04,0.424798025,0,-19.74319,0,-19.74319077
13-04-17 05,0.068602004,0,-24.05783,0,-24.05783081
13-04-17 06,0.329996178,0.044015393,-21.158653,0,-21.15865326
13-04-17 07,40.04283723,188.906391,-24.5954,0,-24.59539986
13-04-17 08,51.00224189,232.9894888,112.06397,61.13410481,50.92986766
13-04-17 09,71.154213,329.1781258,445.69287,265.2094773,180.4833938
13-04-17 10,127.1074324,620.6097423,1125.1306,1514.141511,-389.0108953
13-04-17 11,142.0676509,698.3562086,1871.7904,1835.131431,36.65897395
13-04-17 12,276.7198674,1402.893876,2477.9792,1810.320805,667.6584434
13-04-17 13,282.2055198,1412.621556,2535.086,642.4672,1892.618737
13-04-17 14,159.7754596,784.6369744,2522.7087,1455.990923,1066.717817
13-04-17 15,255.3051089,1285.957811,2342.467,2021.690002,320.7770394
13-04-17 16,232.3204171,1187.077791,1999.2672,2792.408089,-793.1408768
13-04-17 17,101.3701144,497.5537218,1367.069,2594.29631,-1227.22734
13-04-17 18,41.35165341,190.2930425,870.1374,1720.570784,-850.433394
13-04-17 19,6.54127179,21.9492981,456.28458,786.9036394,-330.6190629
13-04-17 20,0.073910223,0,171.31366,228.2401394,-56.92647972
13-04-17 21,0.468614416,0,7.835429,29.28253395,-21.44710475
13-04-17 22,0.744647384,0,-18.277115,0,-18.27711487
13-04-17 23,0.707813792,0,-24.332378,0,-24.33237839
14-04-17 00,0.912909195,0,-23.14197,0,-23.14196968
14-04-17 01,0.646284166,0,-20.267626,0,-20.26762581
14-04-17 02,0.457061762,0,-18.716007,0,-18.71600723
14-04-17 03,0.687694466,0,-17.307636,0,-17.30763626
14-04-17 04,0.254093059,0,-18.031279,0,-18.03127861
14-04-17 05,0.176574576,0,-23.23118,0,-23.23118019
14-04-17 06,13.8436097,72.95781793,-22.279692,0,-22.2796917
14-04-17 07,51.88660663,257.6882569,-31.18565,0,-31.18564987
14-04-17 08,117.8782206,592.6950881,95.85118,0.034701795,95.81647924
14-04-17 09,195.1686653,972.4603357,382.07214,139.4218793,242.6502643
14-04-17 10,427.624436,2114.244128,1251.9989,409.7180598,842.2808416
14-04-17 11,343.6700815,1616.39915,2084.0469,646.8367619,1437.210113
14-04-17 12,404.264104,1795.315971,2401.189,1499.080241,902.1087241
14-04-17 13,421.2496315,1963.031067,2325.0613,1982.040592,343.0206869
14-04-17 14,340.9698423,1673.278438,2410.8718,3262.682156,-851.8103302
14-04-17 15,186.2201433,936.996834,2321.2036,2288.155611,33.04800193
14-04-17 16,197.4498701,1040.985981,2238.107,2153.234451,84.87248261
14-04-17 17,132.9796401,708.8079338,1891.6305,1175.718627,715.9118662
14-04-17 18,50.9743369,220.3015663,1241.6091,461.4660557,780.1430751
14-04-17 19,10.39421832,32.82798021,607.7581,225.6248586,382.1332591
14-04-17 20,0.037178089,0,206.231,62.68324175,143.5477611
14-04-17 21,0.118188378,0,9.414992,13.26454059,-3.849548253
14-04-17 22,0.036777323,0,-19.156893,0,-19.15689278
14-04-17 23,0,0,-26.92124,0,-26.92123985
15-04-17 00,0,0,-26.91869,0,-26.91868973
15-04-17 01,0.0128205,0,-22.708664,0,-22.70866394
15-04-17 02,0,0,-17.730217,0,-17.73021698
15-04-17 03,0,0,-14.861814,0,-14.86181355
15-04-17 04,0,0,-14.123082,0,-14.12308216
15-04-17 05,0.000105131,0,-19.036873,0,-19.03687286
15-04-17 06,20.18773291,61.13410481,-21.0029,0,-21.00289917
15-04-17 07,105.0124956,265.2094773,-30.00757,0,-30.00757027
15-04-17 08,312.5967769,1514.141511,-29.860167,71.64550534,-101.5056719
15-04-17 09,358.9232386,1835.131431,160.41074,387.4533248,-227.0425887
15-04-17 10,356.9482498,1810.320805,613.6891,1038.846067,-425.1569797
15-04-17 11,128.5452283,642.4672,1335.7799,1644.965138,-309.1852308
15-04-17 12,290.5969315,1455.990923,2069.2122,1246.764467,822.4476917
15-04-17 13,418.0883393,2021.690002,2553.6494,1126.614156,1427.035258
15-04-17 14,566.7427718,2792.408089,2915.622,1704.13587,1211.4862
15-04-17 15,517.1175924,2594.29631,2586.9048,2188.893561,398.0112238
15-04-17 16,322.2533963,1720.570784,2290.4124,1437.681292,852.7310615
15-04-17 17,143.8649561,786.9036394,1591.5239,1277.460973,314.0629529
15-04-17 18,51.16047382,228.2401394,791.937,5.449785505,786.4872262
15-04-17 19,10.38219904,29.28253395,334.08203,425.1698403,-91.08780905
15-04-17 20,0.329365171,0,31.102272,279.4105621,-248.30829
15-04-17 21,0.240620196,0,-10.669358,45.59821622,-56.26757448
15-04-17 22,0.380495157,0,-22.712786,0,-22.71278572
15-04-17 23,0.328594051,0,-23.39252,0,-23.3925209
16-04-17 00,0.327476791,0,-21.84974,0,-21.84973907
16-04-17 01,0.221669269,0,-21.239096,0,-21.23909569
16-04-17 02,0.339335721,0,-21.059662,0,-21.05966187
16-04-17 03,0.169358689,0,-20.429317,0,-20.42931747
16-04-17 04,0.312128928,0,-21.225752,0,-21.22575188
16-04-17 05,0.20278106,0,-25.58643,0,-25.5864296
16-04-17 06,0.817748924,0.034701795,-22.953768,0,-22.95376778
16-04-17 07,31.63314612,139.4218793,-24.773298,0,-24.77329826
16-04-17 08,83.17043762,409.7180598,111.73811,83.00465762,28.73345578
16-04-17 09,129.0107346,646.8367619,434.04938,303.9288199,130.1205575
16-04-17 10,298.7716962,1499.080241,1201.1367,657.2685735,543.8681453
16-04-17 11,399.3584258,1982.040592,2085.2678,633.9623466,1451.305476
16-04-17 12,681.3810437,3262.682156,2380.3252,829.2242478,1551.100947
16-04-17 13,484.1692868,2288.155611,2448.514,1137.411025,1311.102891
16-04-17 14,442.9745707,2153.234451,2448.7698,1445.901162,1002.868614
16-04-17 15,238.5643965,1175.718627,2277.7996,807.7988836,1470.000677
16-04-17 16,96.99100759,461.4660557,1773.7083,680.7078772,1093.000375
16-04-17 17,49.25670132,225.6248586,1294.6858,1485.162603,-190.4768118
16-04-17 18,16.31938894,62.68324175,590.58923,1135.188709,-544.5994761
16-04-17 19,5.460286879,13.26454059,339.89386,260.2562078,79.63765207
16-04-17 20,0,0,172.66689,396.1357057,-223.4688203
16-04-17 21,0,0,14.264093,104.773942,-90.50984862
16-04-17 22,0.135318138,0,-15.896226,0,-15.89622593
16-04-17 23,0.030645925,0,-22.92963,0,-22.92963028
17-04-17 00,0.006148122,0,-22.256393,0,-22.25639343
17-04-17 01,0.107262828,0,-20.402771,0,-20.402771
17-04-17 02,0.025477928,0,-18.856636,0,-18.85663605
17-04-17 03,0.012345667,0,-17.855791,0,-17.85579109
17-04-17 04,0.127601026,0,-19.657751,0,-19.65775108
17-04-17 05,0.14659457,0,-22.474285,0,-22.47428513
17-04-17 06,22.20543819,71.64550534,-22.939026,0,-22.93902588
17-04-17 07,119.7459793,387.4533248,-29.074036,0,-29.07403564
17-04-17 08,202.7392807,1038.846067,122.569786,7.838248686,114.7315374
17-04-17 09,319.9381737,1644.965138,478.28983,63.73512311,414.5547023
17-04-17 10,245.6598537,1246.764467,1213.4009,100.9781631,1112.422716
17-04-17 11,221.6418755,1126.614156,1814.6095,269.4455407,1545.163956
17-04-17 12,352.2900011,1704.13587,2228.3835,520.7296808,1707.653864
17-04-17 13,483.4491555,2188.893561,2450.7139,479.5686464,1971.145221
17-04-17 14,292.0936981,1437.681292,2506.5044,453.8719067,2052.632488
17-04-17 15,255.0428215,1277.460973,2242.8865,470.3285958,1772.557879
17-04-17 16,85.04676771,5.449785505,1860.717,320.8647639,1539.852277
17-04-17 17,102.5189357,425.1698403,1568.6277,655.7927804,912.8349052
17-04-17 18,58.80300237,279.4105621,1044.6615,544.9715538,499.6899452
17-04-17 19,12.74784447,45.59821622,461.00662,517.0276124,-56.02099009
17-04-17 20,0.358766577,0,266.4537,207.8478773,58.60582751
17-04-17 21,0.067683214,0,71.53539,33.67302562,37.86236715
17-04-17 22,0.097493575,0,-11.946708,0,-11.94670773
17-04-17 23,0.01224698,0,-22.638525,0,-22.63852501
18-04-17 00,0.082945131,0,-23.664694,0,-23.66469383
18-04-17 01,0.152583053,0,-20.27402,0,-20.27401924
18-04-17 02,0.160418881,0,-18.305372,0,-18.30537224
18-04-17 03,0.121028355,0,-16.45196,0,-16.45195961
18-04-17 04,0.637877706,0,-17.219473,0,-17.21947289
18-04-17 05,0.512727861,0,-20.593977,0,-20.59397697
18-04-17 06,17.28334229,83.00465762,-20.115717,0,-20.11571693
18-04-17 07,56.48093224,303.9288199,-26.477072,0,-26.47707176
18-04-17 08,126.6238502,657.2685735,-6.4172425,114.4726864,-120.8899289
18-04-17 09,127.9032249,633.9623466,150.05217,633.5092239,-483.4570541
18-04-17 10,165.9275983,829.2242478,522.83044,1234.492295,-711.6618509
18-04-17 11,224.8408671,1137.411025,1192.0093,1430.726663,-238.7173858
18-04-17 12,284.6697173,1445.901162,1790.5171,2061.029625,-270.5125347
18-04-17 13,160.5242207,807.7988836,2097.8887,2177.49867,-79.60999842
18-04-17 14,137.6086543,680.7078772,2235.8677,1450.079523,785.7881531
18-04-17 15,287.7681252,1485.162603,2231.7468,1638.233309,593.5135175
18-04-17 16,218.4748118,1135.188709,1987.761,2512.397562,-524.6365759
18-04-17 17,53.6529318,260.2562078,1659.1445,2552.113077,-892.968546
18-04-17 18,74.93074185,396.1357057,1198.7278,1975.508663,-776.7808798
18-04-17 19,20.89730022,104.773942,728.2167,691.7038487,36.51282615
18-04-17 20,0.324339134,0,320.08136,238.0317821,82.0495778
18-04-17 21,0.436534493,0,13.441251,20.39194939,-6.95069859
18-04-17 22,0.518658886,0,-16.12809,0,-16.1280899
18-04-17 23,0.569552493,0,-23.226429,0,-23.22642899
19-04-17 00,0.533109694,0,-24.031738,0,-24.03173828
19-04-17 01,0.765421526,0,-22.235819,0,-22.23581886
19-04-17 02,0.777506926,0,-21.440327,0,-21.44032669
19-04-17 03,0.558926305,0,-20.178171,0,-20.17817116
19-04-17 04,0.980633439,0,-19.833658,0,-19.83365822
19-04-17 05,1.000025415,0,-23.9857,0,-23.98570061
19-04-17 06,3.863047876,7.838248686,-21.741945,0,-21.74194527
19-04-17 07,17.56464457,63.73512311,-20.736769,0,-20.73676872
19-04-17 08,25.78315482,100.9781631,136.13315,37.81004561,98.32310258
19-04-17 09,58.12035557,269.4455407,553.23083,312.4622457,240.7685893
19-04-17 10,105.6963296,520.7296808,1407.1465,621.5851655,785.5613189
19-04-17 11,99.22468747,479.5686464,2101.9526,1455.132062,646.8205748
19-04-17 12,93.60482702,453.8719067,2543.389,1404.247542,1139.141374
19-04-17 13,97.25887516,470.3285958,2675.6707,846.7948593,1828.875795
19-04-17 14,70.57873423,320.8647639,2494.2722,1012.241308,1482.030908
19-04-17 15,127.9321417,655.7927804,2327.1484,1324.633613,1002.514825
19-04-17 16,106.7846122,544.9715538,2199.5352,1309.558506,889.9766501
19-04-17 17,100.2449797,517.0276124,1868.222,1303.803066,564.4189801
19-04-17 18,42.11853005,207.8478773,1288.6594,1001.200886,287.4585378
19-04-17 19,8.59597408,33.67302562,587.2989,581.0670272,6.23186196
19-04-17 20,0.093997416,0,200.7697,325.9406293,-125.1709302
19-04-17 21,0.544946219,0,5.1693735,52.71139509,-47.54202158
19-04-17 22,0.313356126,0,-19.403078,3.03E-06,-19.40308111
19-04-17 23,0.133730329,0,-26.64648,0,-26.64648056
20-04-17 00,0.246401101,0,-26.312168,0,-26.31216812
20-04-17 01,0.285967097,0,-21.755255,0,-21.75525475
20-04-17 02,0.344700727,0,-16.897526,0,-16.89752579
20-04-17 03,0.413710486,0,-13.893627,0,-13.89362717
20-04-17 04,0.719515905,0,-13.336566,0,-13.33656597
20-04-17 05,0.755024315,0,-16.935879,0,-16.93587875
20-04-17 06,27.59987153,114.4726864,-18.461893,0,-18.46189308
20-04-17 07,123.5726218,633.5092239,-25.266298,0.014343683,-25.28064198
20-04-17 08,226.4203564,1234.492295,49.838226,104.7952641,-54.95703776
20-04-17 09,265.8500067,1430.726663,330.70105,393.1438996,-62.44284978
20-04-17 10,386.00569,2061.029625,1001.8845,963.068233,38.8162885
20-04-17 11,415.7674893,2177.49867,1919.4023,810.6508255,1108.751518
20-04-17 12,275.9460937,1450.079523,2301.8928,1560.354452,741.5383704
20-04-17 13,311.3802103,1638.233309,2350.994,1947.174554,403.8193424
20-04-17 14,476.4690442,2512.397562,2420.5652,3107.15433,-686.5891447
20-04-17 15,477.4964411,2552.113077,2278.369,3622.84926,-1344.480363
20-04-17 16,350.5542234,1975.508663,1899.1257,3471.285141,-1572.159409
20-04-17 17,127.3295199,691.7038487,1465.553,1596.523575,-130.9705969
20-04-17 18,48.91681914,238.0317821,907.79425,932.4872908,-24.6930403
20-04-17 19,7.07460238,20.39194939,465.87125,586.1041947,-120.2329484
20-04-17 20,0.903621038,0,221.25905,307.4973432,-86.23829474
20-04-17 21,0.762252536,0,24.638819,55.21944862,-30.58062988
20-04-17 22,0.864591964,0,-15.132659,0,-15.13265896
20-04-17 23,0.840706131,0,-23.390007,0,-23.39000702
21-04-17 00,0.980871586,0,-23.488333,0,-23.48833275
21-04-17 01,1.00641,0,-21.183558,0,-21.18355751
21-04-17 02,1.075197968,0,-19.683006,0,-19.68300629
21-04-17 03,1.000085217,0,-18.118044,0,-18.1180439
21-04-17 04,1.050712365,0,-17.941507,0,-17.94150734
21-04-17 05,1.012961124,0,-22.219961,0,-22.21996117
21-04-17 06,10.57343336,37.81004561,-19.667707,0,-19.66770744
21-04-17 07,60.77862334,312.4622457,-24.419703,0,-24.41970253
21-04-17 08,117.3249566,621.5851655,127.94179,8.189486083,119.7523016
21-04-17 09,273.3486582,1455.132062,475.5232,467.2777783,8.245415025
21-04-17 10,266.0298849,1404.247542,1290.224,993.7675935,296.4564055
21-04-17 11,160.9099674,846.7948593,1901.576,2088.351757,-186.7757068
21-04-17 12,192.0513688,1012.241308,2382.8145,2816.694734,-433.8802805
21-04-17 13,251.1648019,1324.633613,2622.6338,2837.87071,-215.2369206
21-04-17 14,247.791967,1309.558506,2865.6428,2721.345199,144.2976233
21-04-17 15,245.653565,1303.803066,2947.1665,2436.21301,510.9534941
21-04-17 16,184.7930361,1001.200886,2758.644,1424.806499,1333.837544
21-04-17 17,110.9314033,581.0670272,1876.984,2244.582748,-367.5987392
21-04-17 18,65.12495106,325.9406293,1049.111,1268.459223,-219.3482614
21-04-17 19,15.95910701,52.71139509,496.14703,614.1364711,-117.9894374
21-04-17 20,0.108732386,3.03E-06,199.18405,210.7132751,-11.52922359
21-04-17 21,0.543720843,0,16.971296,71.82143266,-54.85013635
21-04-17 22,0.804196239,0,-17.360973,0.001986683,-17.36296004
21-04-17 23,0.71314679,0,-24.921959,0,-24.92195892
22-04-17 00,0.767388111,0,-24.935232,0,-24.93523216
22-04-17 01,0.541556482,0,-19.981447,0,-19.98144722
22-04-17 02,0.687033746,0,-15.661777,0,-15.66177654
22-04-17 03,0.442981616,0,-13.294511,0,-13.29451084
22-04-17 04,0.531901495,0,-13.327101,0,-13.32710075
22-04-17 05,0.988716007,0.014343683,-19.72499,0,-19.72499084
22-04-17 06,31.20208336,104.7952641,-22.198513,0,-22.19851303
22-04-17 07,140.4982995,393.1438996,-28.690786,0.056114799,-28.74690116
22-04-17 08,188.5773583,963.068233,-8.245226,86.98998155,-95.23520745
22-04-17 09,156.0471544,810.6508255,169.04764,473.4281382,-304.3805002
22-04-17 10,302.3706275,1560.354452,691.40826,505.3182948,186.0899693
22-04-17 11,385.5062894,1947.174554,1783.368,789.3209423,994.0470997
22-04-17 12,666.0153522,3107.15433,2475.48,2441.003433,34.47654753
22-04-17 13,775.8420382,3622.84926,2844.8728,2573.015989,271.8568137
22-04-17 14,739.797984,3471.285141,2842.9998,3405.664459,-562.6647028
22-04-17 15,323.718355,1596.523575,2642.3489,3040.299721,-397.9508445
22-04-17 16,186.099826,932.4872908,2150.5608,2624.775144,-474.2143535
22-04-17 17,117.5820779,586.1041947,1937.4865,2261.360417,-323.8739667
22-04-17 18,64.07554642,307.4973432,1182.9188,1475.914416,-292.9955929
22-04-17 19,14.4006541,55.21944862,556.16156,623.6287538,-67.46719373
22-04-17 20,0.023087177,0,205.20508,213.0151009,-7.810022762
22-04-17 21,0,0,22.505407,125.4301083,-102.9247009
22-04-17 22,3.38E-05,0,-15.323621,0,-15.3236208
22-04-17 23,0.044253774,0,-23.792328,0,-23.79232788
23-04-17 00,0.006716193,0,-25.012568,0,-25.01256752
23-04-17 01,0.038510559,0,-23.21148,0,-23.21147919
23-04-17 02,0.013064583,0,-19.714478,0,-19.71447754
23-04-17 03,0,0,-17.334846,0,-17.3348465
23-04-17 04,0,0,-15.471444,0,-15.47144413
23-04-17 05,0.267044007,0,-16.091518,0,-16.0915184
23-04-17 06,4.129319286,8.189486083,-19.25686,0,-19.25686073
23-04-17 07,99.09301171,467.2777783,-21.154776,0.013325375,-21.16810099
23-04-17 08,207.862434,993.7675935,109.36465,104.8802052,4.484441718
23-04-17 09,402.8145777,2088.351757,437.81598,358.3691286,79.44685041
23-04-17 10,570.1127931,2816.694734,1210.8634,1867.108927,-656.2455239
23-04-17 11,609.8868409,2837.87071,1978.8096,2436.100496,-457.2909261
23-04-17 12,589.1229077,2721.345199,2614.5815,2568.316561,46.26498161
23-04-17 13,509.6748114,2436.21301,2798.247,2510.918493,287.3285773
23-04-17 14,285.8636349,1424.806499,3061.861,4282.999993,-1221.138909
23-04-17 15,443.74842,2244.582748,2885.1934,3971.082109,-1085.888749
23-04-17 16,237.8362834,1268.459223,2542.658,3292.209088,-749.5511287
23-04-17 17,112.753266,614.1364711,2023.4983,2881.792231,-858.2939403
23-04-17 18,43.86566818,210.7132751,1254.0007,1682.908262,-428.9075298
23-04-17 19,16.36752778,71.82143266,582.036,840.5085203,-258.4725096
23-04-17 20,0.931922036,0.001986683,197.40239,282.8879087,-85.48551921
23-04-17 21,0.755413346,0,49.610447,107.0099955,-57.39954853
23-04-17 22,0.164901891,0,-12.493674,0.045171277,-12.53884556
23-04-17 23,0.398644728,0,-23.207462,0,-23.20746231
24-04-17 00,0.693638258,0,-24.634172,0,-24.63417244
24-04-17 01,0.714149168,0,-20.095633,0,-20.09563255
24-04-17 02,0.921833379,0,-15.234165,0,-15.23416519
24-04-17 03,0.854882902,0,-12.630739,0,-12.63073921
24-04-17 04,0.708171208,0,-12.502477,0,-12.50247669
24-04-17 05,0.983157914,0.056114799,-18.182001,0,-18.18200111
24-04-17 06,20.48110799,86.98998155,-21.006882,0,-21.00688171
24-04-17 07,93.05512576,473.4281382,-27.364395,0.018349299,-27.38274444
24-04-17 08,100.5379784,505.3182948,102.19702,138.2963065,-36.09928498
24-04-17 09,153.3820822,789.3209423,389.2608,414.1990972,-24.93829393
24-04-17 10,500.251772,2441.003433,1327.3787,919.1629942,408.2156679
24-04-17 11,537.0893055,2573.015989,2234.6611,1699.648468,535.0126652
24-04-17 12,761.3843733,3405.664459,2657.0732,3143.700494,-486.6272514
24-04-17 13,659.3242585,3040.299721,2812.6643,2083.759769,728.9045378
24-04-17 14,523.4000867,2624.775144,3314.67,1921.911634,1392.758288
24-04-17 15,443.5440634,2261.360417,3207.619,2950.047841,257.5710558
24-04-17 16,283.6048037,1475.914416,2841.2156,1460.587536,1380.628041
24-04-17 17,109.5272568,623.6287538,2369.715,1328.697868,1041.01722
24-04-17 18,47.96858717,213.0151009,1531.6678,906.0499846,625.6178621
24-04-17 19,25.51556861,125.4301083,735.6165,235.844199,499.7723171
24-04-17 20,0,0,214.33078,126.0160106,88.31476941
24-04-17 21,0.019085753,0,48.006695,18.19288071,29.81381408
24-04-17 22,0.118780115,0,-7.7969017,0,-7.796901703
24-04-17 23,0.062069525,0,-21.035664,0,-21.0356636
25-04-17 00,0,0,-25.235699,0,-25.2356987
25-04-17 01,0.058840907,0,-23.636505,0,-23.63650513
25-04-17 02,0.006350922,0,-17.565418,0,-17.56541824
25-04-17 03,0,0,-11.652703,0,-11.65270329
25-04-17 04,8.10E-05,0,-8.717129,0,-8.717128754
25-04-17 05,0.546662229,0.013325375,-9.200314,0,-9.200313568
25-04-17 06,29.79451467,104.8802052,-18.261606,0,-18.26160622
25-04-17 07,158.1107741,358.3691286,-23.94155,0,-23.9415493
25-04-17 08,379.0267883,1867.108927,90.732735,32.98324947,57.74948521
25-04-17 09,481.9618347,2436.100496,452.62372,122.7664679,329.8572503
25-04-17 10,531.0885427,2568.316561,1210.7156,271.9016558,938.8139204
25-04-17 11,560.7582882,2510.918493,2025.8297,361.2767151,1664.552997
25-04-17 12,971.8302338,4282.999993,2780.7427,562.0583693,2218.684306
25-04-17 13,892.4420537,3971.082109,2727.1309,717.8987935,2009.232066
25-04-17 14,710.9794576,3292.209088,2598.5105,796.8925774,1801.617921
25-04-17 15,591.5692461,2881.792231,2707.3633,860.7114357,1846.651846
25-04-17 16,322.9734178,1682.908262,2168.6345,392.5205155,1776.114006
25-04-17 17,155.8967304,840.5085203,1750.2799,322.3834797,1427.896428
25-04-17 18,63.59627585,282.8879087,1153.5192,566.1726146,587.3465504
25-04-17 19,26.67034762,107.0099955,518.78864,292.1190585,226.6695768
25-04-17 20,0.834837418,0.045171277,191.92413,73.85810144,118.0660319
25-04-17 21,0.287026465,0,-2.9441674,10.35086726,-13.29503464
25-04-17 22,0.187371638,0,-20.894653,0,-20.89465332
25-04-17 23,0.1862466,0,-24.001942,0,-24.00194168
26-04-17 00,0.454277069,0,-22.28245,0,-22.28244972
26-04-17 01,0.335426037,0,-19.268562,0,-19.26856232
26-04-17 02,0.435857338,0,-17.582745,0,-17.5827446
26-04-17 03,0.533279162,0,-16.483082,0,-16.48308182
26-04-17 04,0.516839125,0,-17.410784,0,-17.41078377
26-04-17 05,0.1913631,0.018349299,-20.930595,0,-20.9305954
26-04-17 06,29.53536842,138.2963065,-22.388952,0,-22.38895226
26-04-17 07,81.94944707,414.1990972,-30.740295,0,-30.74029541
26-04-17 08,178.7507634,919.1629942,39.536922,23.43732964,16.09959282
26-04-17 09,327.0079042,1699.648468,269.45975,192.6827356,76.77701174
26-04-17 10,632.794341,3143.700494,980.37177,410.5816598,569.7901053
26-04-17 11,428.4369864,2083.759769,1815.8568,456.0570414,1359.79977
26-04-17 12,382.0838982,1921.911634,2134.2063,1105.792773,1028.413526
26-04-17 13,624.4578502,2950.047841,2328.3335,1711.437369,616.8961272
26-04-17 14,287.5632462,1460.587536,2336.6965,2867.581218,-530.8846843
26-04-17 15,260.2347912,1328.697868,2164.8953,1994.332955,170.5623083
26-04-17 16,179.8653974,906.0499846,1738.9773,2627.592503,-888.6152083
26-04-17 17,51.86858059,235.844199,1239.1991,1147.925558,91.27353894
26-04-17 18,29.1484321,126.0160106,832.78955,364.0528316,468.7367192
26-04-17 19,5.543245876,18.19288071,407.02325,316.2199056,90.80334877
26-04-17 20,0,0,73.29089,414.5078246,-341.2169311
26-04-17 21,0,0,-6.5167575,114.9276488,-121.4444063
26-04-17 22,0,0,-20.51528,0.322918997,-20.83819877
26-04-17 23,0,0,-23.445894,0,-23.44589424
27-04-17 00,0.013098545,0,-23.313719,0,-23.3137188
27-04-17 01,0.012862413,0,-22.21783,0,-22.21783066
27-04-17 02,0.460820112,0,-21.207205,0,-21.20720482
27-04-17 03,0.257061191,0,-20.337313,0,-20.3373127
27-04-17 04,0.265094941,0,-21.272978,0,-21.27297783
27-04-17 05,0.112417143,0,-27.373302,0,-27.37330246
27-04-17 06,9.665520302,32.98324947,-18.56986,0,-18.56986046
27-04-17 07,28.614449,122.7664679,-19.01686,0,-19.01685905
27-04-17 08,57.47626989,271.9016558,27.960577,0,27.96057701
27-04-17 09,75.01344836,361.2767151,272.30713,20.63457794,251.672551
27-04-17 10,113.3192133,562.0583693,892.8064,280.4651685,612.341228
27-04-17 11,145.3355813,717.8987935,1598.3248,519.6190211,1078.705808
27-04-17 12,161.746523,796.8925774,2109.548,911.9365541,1197.611542
27-04-17 13,173.0724367,860.7114357,2397.2024,545.1131927,1852.0892
27-04-17 14,85.22127065,392.5205155,2590.0715,442.6927176,2147.378816
27-04-17 15,72.08243981,322.3834797,2197.4885,526.8771787,1670.611347
27-04-17 16,116.0194607,566.1726146,2083.2795,252.0370824,1831.242459
27-04-17 17,61.9915898,292.1190585,1289.8033,194.06396,1095.739385
27-04-17 18,20.10922176,73.85810144,630.23956,241.9835355,388.2560275
27-04-17 19,3.971094438,10.35086726,270.91586,277.7304604,-6.814597365
27-04-17 20,0.618172839,0,173.78813,163.5643078,10.22382391
27-04-17 21,0.694496901,0,56.719948,53.61637498,3.103572831
27-04-17 22,0.690502308,0,-10.837964,0,-10.83796406
27-04-17 23,0.872250385,0,-20.466448,0,-20.46644783
28-04-17 00,0.917119488,0,-21.42178,0,-21.42177963
28-04-17 01,0.957167534,0,-19.18798,0,-19.18798065
28-04-17 02,0.930280809,0,-18.046368,0,-18.04636765
28-04-17 03,0.662321093,0,-17.264359,0,-17.26435852
28-04-17 04,0.76576799,0,-17.80378,0,-17.8037796
28-04-17 05,0.955690998,0,-22.35294,0,-22.35293961
28-04-17 06,7.858333965,23.43732964,-20.859512,0,-20.85951233
28-04-17 07,41.62303035,192.6827356,-26.332882,3.591814239,-29.92469617
28-04-17 08,83.6012868,410.5816598,-25.330185,197.7038629,-223.0340479
28-04-17 09,94.38829353,456.0570414,33.252937,660.3852091,-627.1322718
28-04-17 10,218.70669,1105.792773,277.13907,1334.606616,-1057.467547
28-04-17 11,337.4107398,1711.437369,937.0747,3442.17278,-2505.098073
28-04-17 12,598.673593,2867.581218,1801.9268,4053.779864,-2251.853106
28-04-17 13,410.814417,1994.332955,2195.6016,2972.203923,-776.6023608
28-04-17 14,548.1569488,2627.592503,2287.2942,3931.716968,-1644.422779
28-04-17 15,236.9712315,1147.925558,2290.591,4039.710017,-1749.118952
28-04-17 16,76.61072126,364.0528316,2070.4202,2413.145298,-342.7251318
28-04-17 17,65.79792255,316.2199056,1541.5731,591.87723,949.6958902
28-04-17 18,82.01854157,414.5078246,1179.1991,539.2385849,639.9605118
28-04-17 19,23.7450589,114.9276488,706.87164,404.2007575,302.6708856
28-04-17 20,0.263099646,0.322918997,334.56244,177.8048536,156.7575854
28-04-17 21,0.030653766,0,32.395412,46.72357964,-14.32816719
28-04-17 22,0.005952333,0,-9.894195,0,-9.894194603
28-04-17 23,0,0,-19.145052,0,-19.14505196
29-04-17 00,0.006183046,0,-21.595625,0,-21.59562492
29-04-17 01,0.049572861,0,-23.219095,0,-23.21909523
29-04-17 02,0.188657146,0,-23.673323,0,-23.67332268
29-04-17 03,0.12561362,0,-23.477959,0,-23.47795868
29-04-17 04,0.201135524,0,-22.867664,0,-22.86766434
29-04-17 05,0.206832407,0,-23.705946,0,-23.70594597
29-04-17 06,1.161020407,0,-30.219316,0,-30.21931648
29-04-17 07,10.30136224,20.63457794,-12.105813,4.228446038,-16.33425906
29-04-17 08,61.24545979,280.4651685,147.9009,204.9012864,-57.00039224
29-04-17 09,106.9771104,519.6190211,601.2755,435.1160787,166.159434
29-04-17 10,182.4880799,911.9365541,1466.4441,2495.188793,-1028.744701
29-04-17 11,114.3978928,545.1131927,2454.7283,3459.719805,-1004.991534
29-04-17 12,95.2314656,442.6927176,2978.1404,2531.160117,446.9802637
29-04-17 13,110.5763201,526.8771787,2860.3955,2044.535916,815.8595914
29-04-17 14,58.24108596,252.0370824,3135.9534,3829.311603,-693.358234
29-04-17 15,45.90433951,194.06396,3064.7688,1970.948878,1093.81992
29-04-17 16,54.50448866,241.9835355,2407.1677,2788.152618,-380.9848934
29-04-17 17,60.29873661,277.7304604,1516.5109,2157.557948,-641.0470839
29-04-17 18,36.11688759,163.5643078,830.3383,1758.560931,-928.2226128
29-04-17 19,13.0372734,53.61637498,366.54153,677.7456046,-311.2040702
29-04-17 20,0.247057895,0,120.90446,280.7586512,-159.8541942
29-04-17 21,0.151077729,0,10.326556,99.76999742,-89.44344121
29-04-17 22,0.213449648,0,-17.912691,2.802563483,-20.7152546
29-04-17 23,0.284076358,0,-23.859148,0,-23.85914803
30-04-17 00,0.244337455,0,-23.24889,0,-23.24888992
30-04-17 01,0.056376797,0,-18.86191,0,-18.86190987
30-04-17 02,0.289650382,0,-14.89849,0,-14.89848995
30-04-17 03,0.144839517,0,-12.344244,0,-12.344244
30-04-17 04,0.480417897,0,-11.6738,0,-11.67380047
30-04-17 05,1.877755585,3.591814239,-18.014652,0,-18.01465225
30-04-17 06,46.94252363,197.7038629,-21.983696,0,-21.98369598
30-04-17 07,172.4378041,660.3852091,-20.002405,1.487922699,-21.49032787
30-04-17 08,273.2075799,1334.606616,122.52686,170.8341424,-48.30727926
30-04-17 09,670.1805047,3442.17278,519.1026,617.3532097,-98.25060962
30-04-17 10,855.0928951,4053.779864,1937.3896,2410.205389,-472.8157411
30-04-17 11,635.3744286,2972.203923,2740.6892,3657.724469,-917.0352604
30-04-17 12,860.1856386,3931.716968,2727.2578,4254.829617,-1527.571804
30-04-17 13,897.8170252,4039.710017,2633.1736,4024.06775,-1390.894166
30-04-17 14,521.2263245,2413.145298,3010.5225,3604.812976,-594.2905151
30-04-17 15,121.2190806,591.87723,2410.0583,3378.628118,-968.569768
30-04-17 16,107.3297092,539.2385849,2305.724,2779.98133,-474.2572092
30-04-17 17,82.76141778,404.2007575,1794.0046,2202.115751,-408.1111121
30-04-17 18,38.06708895,177.8048536,1237.4727,1960.616869,-723.144213
30-04-17 19,11.6291698,46.72357964,569.8421,948.7647073,-378.9226053
30-04-17 20,0,0,194.67361,254.3133255,-59.63971104
30-04-17 21,0,0,42.522396,84.99851336,-42.47611727
30-04-17 22,0.024470834,0,-10.753609,0.026370906,-10.77997961
30-04-17 23,0.02426071,0,-23.183151,0,-23.18315125
01-05-17 00,0,0,-25.621605,0,-25.62160492
01-05-17 01,8.38E-05,0,-22.52399,0,-22.52399063
01-05-17 02,0.284851779,0,-16.115166,0,-16.11516571
01-05-17 03,0.094288563,0,-12.271031,0,-12.27103138
01-05-17 04,0.201116364,0,-10.213978,0,-10.21397781
01-05-17 05,2.794383172,4.228446038,-15.147679,0,-15.14767933
01-05-17 06,55.27477059,204.9012864,-19.234995,0,-19.23499489
01-05-17 07,249.2572287,435.1160787,-22.576735,7.145356885,-29.72209143
01-05-17 08,511.9094573,2495.188793,116.62646,209.9492095,-93.32275231
01-05-17 09,700.368884,3459.719805,622.33954,686.4048822,-64.06534361
01-05-17 10,523.806537,2531.160117,1840.1136,1005.903499,834.210148
01-05-17 11,436.9445894,2044.535916,2586.769,904.3716387,1682.397404
01-05-17 12,874.5587662,3829.311603,3141.1238,879.3206542,2261.803125
01-05-17 13,428.9690765,1970.948878,3310.5007,611.4002453,2699.100487
01-05-17 14,594.809794,2788.152618,3129.1016,477.1347611,2651.966801
01-05-17 15,451.799931,2157.557948,2896.831,503.6656967,2393.165358
01-05-17 16,330.4823235,1758.560931,2465.7498,230.0128066,2235.736949
01-05-17 17,129.0692687,677.7456046,1930.7507,291.825782,1638.92495
01-05-17 18,64.35807991,280.7586512,1418.3894,217.3635091,1201.025895
01-05-17 19,27.68617215,99.76999742,722.467,448.8788106,273.5881694
01-05-17 20,1.822296893,2.802563483,203.2107,401.1962577,-197.9855643
01-05-17 21,0.509094136,0,39.62002,130.6516715,-91.03164965
01-05-17 22,0.72576219,0,-9.979039,0.770876676,-10.74991587
01-05-17 23,0.909121665,0,-21.568624,0,-21.5686245
02-05-17 00,0.763196253,0,-24.959126,0,-24.95912552
02-05-17 01,0.468381145,0,-23.377815,0,-23.37781525
02-05-17 02,0.648948294,0,-17.524271,0,-17.52427101
02-05-17 03,0.659575184,0,-10.724163,0,-10.72416306
02-05-17 04,0.917378682,0,-7.331077,0,-7.331077099
02-05-17 05,1.733122761,1.487922699,-8.055801,0,-8.055801392
02-05-17 06,40.32529381,170.8341424,-18.196217,0,-18.19621658
02-05-17 07,213.540068,617.3532097,-15.646512,0,-15.64651203
02-05-17 08,467.6233436,2410.205389,110.31427,48.39163675,61.92263327
02-05-17 09,719.9866758,3657.724469,605.6478,159.0273051,446.6205221
02-05-17 10,905.8742096,4254.829617,1632.6431,503.7398856,1128.903181
02-05-17 11,886.8302361,4024.06775,2156.5056,569.6008837,1586.904732
02-05-17 12,800.650887,3604.812976,2390.9497,679.846085,1711.103622
02-05-17 13,762.8243909,3378.628118,2421.4983,853.8807637,1567.617527
02-05-17 14,600.4091931,2779.98133,2376.3723,1743.732354,632.6399608
02-05-17 15,454.1257035,2202.115751,2258.4211,1658.467258,599.9538848
02-05-17 16,380.5611695,1960.616869,1861.0646,280.7050459,1580.359529
02-05-17 17,174.4431723,948.7647073,1514.8535,425.3878003,1089.465715
02-05-17 18,60.4888244,254.3133255,1065.0765,559.5375414,505.5389967
02-05-17 19,24.42675244,84.99851336,762.4474,144.9253803,617.5220074
02-05-17 20,1.188690254,0.026370906,418.80185,63.22763561,355.5742138
02-05-17 21,0.756331475,0,176.82144,40.12201228,136.6994294
02-05-17 22,0.816745852,0,1.9256128,1.24519368,0.680419127
02-05-17 23,0.682951696,0,-17.926804,0,-17.92680359
03-05-17 00,0.824197155,0,-22.563112,0,-22.56311226
03-05-17 01,0.93141852,0,-21.804504,0,-21.80450439
03-05-17 02,0.909277205,0,-20.33071,0,-20.33070946
03-05-17 03,0.561615428,0,-18.780594,0,-18.78059387
03-05-17 04,0.150523284,0,-19.875504,0,-19.87550354
03-05-17 05,2.397119242,7.145356885,-23.647299,0,-23.64729881
03-05-17 06,43.65582027,209.9492095,-24.973026,0,-24.97302628
03-05-17 07,144.9149245,686.4048822,-33.11207,0,-33.11206818
03-05-17 08,201.1152968,1005.903499,83.598625,12.33973141,71.25889377
03-05-17 09,183.4934823,904.3716387,386.11652,159.0897574,227.0267588
03-05-17 10,179.9014414,879.3206542,1040.7001,256.7811138,783.9189594
03-05-17 11,129.2760849,611.4002453,1703.014,270.9058626,1432.108175
03-05-17 12,103.7167233,477.1347611,2146.5122,304.7572757,1841.754931
03-05-17 13,108.0989871,503.6656967,2381.613,406.220201,1975.392836
03-05-17 14,56.27295072,230.0128066,2583.049,544.19137,2038.857702
03-05-17 15,67.31366897,291.825782,2462.3499,859.2191165,1603.130737
03-05-17 16,52.1701248,217.3635091,2026.1672,635.8874157,1390.279821
03-05-17 17,92.74275943,448.8788106,1579.2178,721.5063301,857.7114433
03-05-17 18,85.00642866,401.1962577,1087.7434,1126.274302,-38.53089332
03-05-17 19,30.36456328,130.6516715,513.65704,902.6320712,-388.9750277
03-05-17 20,1.001841241,0.770876676,132.54988,271.0959532,-138.5460722
03-05-17 21,0.018549028,0,3.775288,9.716266759,-5.940978654
03-05-17 22,0.030423334,0,-17.025158,0,-17.02515793
03-05-17 23,0,0,-21.55832,0,-21.55831909
04-05-17 00,0,0,-21.481125,0,-21.48112488
04-05-17 01,0,0,-21.563244,0,-21.56324387
04-05-17 02,0,0,-20.95131,0,-20.9513092
04-05-17 03,0.049666906,0,-20.910965,0,-20.91096497
04-05-17 04,0.076143858,0,-24.324274,0,-24.32427406
04-05-17 05,0.081667879,0,-25.620207,0,-25.62020683
04-05-17 06,13.746476,48.39163675,-21.612076,0,-21.61207581
04-05-17 07,37.13904231,159.0273051,-25.597363,21.65675935,-47.25412187
04-05-17 08,103.6144062,503.7398856,0.5217472,111.2014308,-110.6796837
04-05-17 09,120.4434669,569.6008837,207.62267,210.8277853,-3.205119938
04-05-17 10,143.2947069,679.846085,716.67096,486.1555256,230.5154339
04-05-17 11,178.1408468,853.8807637,1421.1078,499.161997,921.945791
04-05-17 12,372.4482045,1743.732354,1901.3447,1169.551873,731.7928534
04-05-17 13,357.687864,1658.467258,2142.1226,1586.595037,555.5275213
04-05-17 14,66.10777197,280.7050459,2199.8384,1527.935201,671.9031782
04-05-17 15,93.21615236,425.3878003,2131.4167,1322.759399,808.6573491
04-05-17 16,118.7658226,559.5375414,1760.4874,2332.654356,-572.1669293
04-05-17 17,36.20455328,144.9253803,1314.8965,2037.327657,-722.4311723
04-05-17 18,18.42885055,63.22763561,1041.2554,958.6922892,82.56308188
04-05-17 19,11.25264984,40.12201228,621.92053,997.7750976,-375.8545654
04-05-17 20,0.845114987,1.24519368,254.80179,620.3981455,-365.5963572
04-05-17 21,0.049161829,0,1.5066991,30.98027349,-29.4735744
04-05-17 22,0.230941243,0,-20.902792,0,-20.90279198
04-05-17 23,0.369310023,0,-26.892353,0,-26.89235306
05-05-17 00,0.414955548,0,-26.909363,0,-26.90936279
05-05-17 01,0.45546179,0,-23.601261,0,-23.60126114
05-05-17 02,0.498244687,0,-21.405956,0,-21.40595627
05-05-17 03,0.27624432,0,-19.448523,0,-19.44852257
05-05-17 04,0.276520742,0,-18.990137,0,-18.9901371
05-05-17 05,0.521705081,0,-23.252209,0,-23.25220871
05-05-17 06,5.385204118,12.33973141,-21.947193,0,-21.94719315
05-05-17 07,37.39115253,159.0897574,12.504782,0,12.50478172
05-05-17 08,58.535655,256.7811138,189.64906,44.82739058,144.8216725
05-05-17 09,62.3288329,270.9058626,664.1538,71.43285438,592.7209542
05-05-17 10,69.48681176,304.7572757,1419.6367,245.8721209,1173.764598
05-05-17 11,90.23603111,406.220201,1970.2913,1203.88624,766.4050202
05-05-17 12,118.1423969,544.19137,2375.0046,917.5252792,1457.479359
05-05-17 13,179.2950514,859.2191165,2543.8896,768.1192765,1775.770372
05-05-17 14,136.098695,635.8874157,2437.386,828.5133679,1608.872618
05-05-17 15,151.2630127,721.5063301,2137.0571,1951.716208,185.3409212
05-05-17 16,231.1011339,1126.274302,1971.659,2907.348066,-935.689008
05-05-17 17,178.704557,902.6320712,1539.1881,1550.093323,-10.90521267
05-05-17 18,58.85708617,271.0959532,785.07733,2588.928747,-1803.851416
05-05-17 19,5.22698157,9.716266759,492.61398,1040.267861,-547.6538776
05-05-17 20,0,0,245.28954,489.1998823,-243.9103468
05-05-17 21,0,0,10.675331,201.4807763,-190.8054452
05-05-17 22,0,0,-18.72715,9.630588611,-28.35773857
05-05-17 23,0,0,-26.62664,0,-26.62664032
06-05-17 00,0,0,-26.38077,0,-26.38076973
06-05-17 01,0,0,-21.106117,0,-21.10611725
06-05-17 02,0,0,-17.249304,0,-17.24930382
06-05-17 03,0,0,-14.913929,0,-14.91392899
06-05-17 04,0,0,-15.802823,0,-15.80282307
06-05-17 05,4.913941395,21.65675935,-20.157284,0,-20.15728378
06-05-17 06,24.91560417,111.2014308,-25.956303,0,-25.95630264
06-05-17 07,46.77257028,210.8277853,-32.402573,0.009548024,-32.41212066
06-05-17 08,102.0454586,486.1555256,70.28953,143.5224782,-73.23295035
06-05-17 09,105.8952493,499.161997,271.7945,307.9341931,-36.1396985
06-05-17 10,243.3534843,1169.551873,794.5441,310.3699971,484.1741313
06-05-17 11,342.2604051,1586.595037,1661.3729,328.718809,1332.654116
06-05-17 12,320.9232726,1527.935201,2099.5498,555.7038319,1543.845973
06-05-17 13,283.3875125,1322.759399,2275.614,717.6438164,1557.970197
06-05-17 14,519.6382426,2332.654356,2332.1543,1178.49492,1153.659377
06-05-17 15,443.1337936,2037.327657,2330.8765,505.2523339,1825.624131
06-05-17 16,198.6065078,958.6922892,2218.6672,504.4404448,1714.226792
06-05-17 17,194.8033191,997.7750976,1513.5248,448.5963808,1064.928399
06-05-17 18,122.6663154,620.3981455,1364.9294,297.6205645,1067.308879
06-05-17 19,10.44799063,30.98027349,650.1655,437.7654197,212.4001076
06-05-17 20,0.630357049,0,277.12012,457.6796658,-180.5595486
06-05-17 21,0.019125492,0,110.34986,49.65533359,60.69452756
06-05-17 22,0.072161343,0,-5.0858912,0.118104331,-5.203995577
06-05-17 23,0.011904834,0,-22.890404,0,-22.89040375
07-05-17 00,0.019406917,0,-26.97856,0,-26.97855949
07-05-17 01,0.061908359,0,-24.294899,0,-24.29489899
07-05-17 02,0.074698147,0,-17.999352,0,-17.9993515
07-05-17 03,0.018824829,0,-15.019207,0,-15.019207
07-05-17 04,0.164279242,0,-14.068207,0,-14.06820679
07-05-17 05,0.285523875,0,-17.152094,0,-17.15209389
07-05-17 06,13.03429769,44.82739058,-20.106426,0,-20.10642624
07-05-17 07,20.10274772,71.43285438,-28.002632,18.62450613,-46.62713827
07-05-17 08,56.14253224,245.8721209,105.79835,263.4001446,-157.6017971
07-05-17 09,246.7354638,1203.88624,403.7048,953.0666782,-549.3618747
07-05-17 10,192.4134245,917.5252792,1008.9778,2165.723352,-1156.745569
07-05-17 11,161.7983298,768.1192765,1578.1213,1617.181826,-39.06048819
07-05-17 12,173.9424601,828.5133679,2041.8375,1643.149941,398.6875837
07-05-17 13,412.7932402,1951.716208,2325.7156,3028.918293,-703.2027168
07-05-17 14,644.0676932,2907.348066,2514.1025,3351.200768,-837.0982286
07-05-17 15,329.7019973,1550.093323,2325.534,1318.5993,1006.934635
07-05-17 16,518.5328009,2588.928747,2104.3904,591.257503,1513.132878
07-05-17 17,210.9837019,1040.267861,1575.9783,568.5765347,1007.401737
07-05-17 18,100.3201813,489.1998823,1081.0149,489.4434712,591.5714214
07-05-17 19,34.08074983,201.4807763,679.07166,213.2801148,465.7915405
07-05-17 20,3.341975348,9.630588611,392.28415,151.7425397,240.5416094
07-05-17 21,0.13334771,0,35.490788,57.51056715,-22.01977965
07-05-17 22,0.086789931,0,-12.566189,0,-12.56618881
07-05-17 23,0.327713504,0,-22.610722,0,-22.61072159
08-05-17 00,0.401749811,0,-23.843222,0,-23.84322166
08-05-17 01,0.037512333,0,-21.621403,0,-21.62140274
08-05-17 02,0.121733212,0,-19.847036,0,-19.84703636
08-05-17 03,0.280282431,0,-18.168028,0,-18.16802788
08-05-17 04,0.08530398,0,-19.590162,0,-19.59016228
08-05-17 05,0.236864629,0.009548024,-22.616974,0,-22.61697388
08-05-17 06,32.69576429,143.5224782,-24.607067,0,-24.60706711
08-05-17 07,66.70582976,307.9341931,7.8708134,10.72078362,-2.849970251
08-05-17 08,68.31690611,310.3699971,197.39806,237.1861699,-39.78811383
08-05-17 09,73.47804332,328.718809,780.8729,735.2967992,45.57612565
08-05-17 10,118.1986819,555.7038319,1810.8363,1380.236932,430.5993714
08-05-17 11,150.1507115,717.6438164,2177.3604,2418.687953,-241.3276015
08-05-17 12,243.7273313,1178.49492,2406.3938,2777.160217,-370.7664179
08-05-17 13,109.0337326,505.2523339,2799.4497,3445.911274,-646.4615665
08-05-17 14,108.2726618,504.4404448,2915.967,1676.203098,1239.763943
08-05-17 15,97.60167164,448.5963808,2282.4646,2684.583486,-402.1188867
08-05-17 16,66.75123067,297.6205645,1811.6969,2528.357162,-716.6602627
08-05-17 17,92.32684981,437.7654197,1276.9327,1289.122946,-12.19020711
08-05-17 18,92.38216779,457.6796658,725.63916,1606.299149,-880.6599891
08-05-17 19,13.41601421,49.65533359,348.92288,649.9053055,-300.9824234
08-05-17 20,0.332907883,0.118104331,190.67032,324.8813451,-134.2110265
08-05-17 21,0,0,20.115507,121.8391204,-101.7236133
08-05-17 22,0,0,-12.598673,10.20550946,-22.80418233
08-05-17 23,0,0,-19.61636,0,-19.61635971
09-05-17 00,0.049444282,0,-19.909561,0,-19.90956116
09-05-17 01,0.044799979,0,-18.864145,0,-18.86414528
09-05-17 02,0.106233992,0,-17.70091,0,-17.70091057
09-05-17 03,0.024867223,0,-16.80035,0,-16.80035019
09-05-17 04,0,0,-18.269045,0,-18.26904488
09-05-17 05,6.362003633,18.62450613,-20.909428,0,-20.90942764
09-05-17 06,73.17702069,263.4001446,-25.09413,0,-25.09412956
09-05-17 07,274.3055179,953.0666782,-2.2767625,16.51658864,-18.79335113
09-05-17 08,432.8329161,2165.723352,187.15924,181.8567572,5.302483513
09-05-17 09,317.8567629,1617.181826,815.5673,744.2963485,71.27097328
09-05-17 10,329.8487956,1643.149941,1634.3132,1079.986747,554.326485
09-05-17 11,658.9299214,3028.918293,2398.2473,2100.195187,298.0521273
09-05-17 12,756.1076364,3351.200768,2814.6672,1509.829287,1304.837949
09-05-17 13,272.9897591,1318.5993,3094.0168,2750.089934,343.9269114
09-05-17 14,123.539501,591.257503,2571.217,2361.079201,210.1378398
09-05-17 15,117.3896942,568.5765347,2624.0833,2127.328384,496.7548676
09-05-17 16,100.9297054,489.4434712,2334.575,2681.434101,-346.8591496
09-05-17 17,48.4027468,213.2801148,1680.5011,1508.728562,171.7725365
09-05-17 18,35.37860387,151.7425397,1206.6265,1282.86539,-76.23892547
09-05-17 19,13.97577417,57.51056715,549.138,773.2544052,-224.1164047
09-05-17 20,0.008877645,0,219.27588,568.4099774,-349.1340985
09-05-17 21,0.10974237,0,64.10307,237.9394835,-173.8364104
09-05-17 22,0.01771277,0,-7.2084036,12.40425936,-19.61266295
09-05-17 23,0.018990732,0,-22.345638,0,-22.34563828
10-05-17 00,0.061786994,0,-24.793173,0,-24.79317284
10-05-17 01,0.084573519,0,-21.161552,0,-21.16155243
10-05-17 02,0.442324568,0,-16.12093,0,-16.12092972
10-05-17 03,0.032802069,0,-12.971165,0,-12.9711647
10-05-17 04,0.149523687,0,-12.25905,0,-12.25905037
10-05-17 05,5.267148653,10.72078362,-18.299364,0,-18.29936409
10-05-17 06,69.97333247,237.1861699,-22.04828,0,-22.04828072
10-05-17 07,217.1246742,735.2967992,-2.1734052,18.89300147,-21.06640664
10-05-17 08,274.1943777,1380.236932,154.12196,280.6366684,-126.5147049
10-05-17 09,470.9707754,2418.687953,630.85236,976.105483,-345.253127
10-05-17 10,566.0132439,2777.160217,1574.3887,2138.435172,-564.0464997
10-05-17 11,712.6276024,3445.911274,2323.9417,2151.398808,172.5428426
10-05-17 12,335.6427403,1676.203098,2464.2498,3968.492439,-1504.242683
10-05-17 13,566.6210264,2684.583486,2758.1418,4239.761554,-1481.619708
10-05-17 14,522.0122665,2528.357162,2690.4358,4277.064786,-1586.628995
10-05-17 15,252.540423,1289.122946,2529.9978,4053.927147,-1523.929344
10-05-17 16,305.3124184,1606.299149,2455.8762,3621.86176,-1165.985539
10-05-17 17,124.7892778,649.9053055,1872.346,2741.883895,-869.5379477
10-05-17 18,65.9942236,324.8813451,1297.9943,1999.402052,-701.4077897
10-05-17 19,26.95853989,121.8391204,667.82983,913.0898176,-245.2599836
10-05-17 20,3.250396956,10.20550946,329.07678,236.1480876,92.92869463
10-05-17 21,0.024745328,0,130.74736,115.8898341,14.85752612
10-05-17 22,0.068701603,0,-3.4357002,13.03328259,-16.46898277
10-05-17 23,0.062674208,0,-21.338158,0,-21.33815765
11-05-17 00,0.323895101,0,-24.77295,0,-24.77294922
11-05-17 01,0.351948288,0,-21.287403,0,-21.28740311
11-05-17 02,0.210096201,0,-16.72822,0,-16.72821999
11-05-17 03,0.14675014,0,-13.560641,0,-13.56064129
11-05-17 04,0.207576918,0,-12.873431,0,-12.87343121
11-05-17 05,4.820483632,16.51658864,-19.14865,0,-19.14864922
11-05-17 06,37.52783337,181.8567572,-23.290281,0,-23.2902813
11-05-17 07,142.5848629,744.2963485,4.85738,22.54910042,-17.6917205
11-05-17 08,204.1068286,1079.986747,162.65216,276.4442448,-113.7920842
11-05-17 09,402.5762997,2100.195187,716.55695,898.1967604,-181.6398146
11-05-17 10,294.3925747,1509.829287,1764.7786,2532.469997,-767.6914323
11-05-17 11,563.0242844,2750.089934,2201.3174,3422.759893,-1221.44251
11-05-17 12,482.6223101,2361.079201,2981.4968,3921.050244,-939.5534183
11-05-17 13,440.104739,2127.328384,3314.7727,3804.640332,-489.8676266
11-05-17 14,564.9750183,2681.434101,3437.628,4018.144945,-580.5170154
11-05-17 15,295.1520411,1508.728562,3279.8596,3831.770029,-551.9104099
11-05-17 16,253.4196244,1282.86539,2911.21,2942.98883,-31.77886917
11-05-17 17,149.1651981,773.2544052,2294.6577,1940.538492,354.1192224
11-05-17 18,112.2075963,568.4099774,1563.7544,1111.480683,452.2737118
11-05-17 19,49.55076697,237.9394835,750.4376,698.7669459,51.67067619
11-05-17 20,3.975685656,12.40425936,192.20323,365.3059631,-173.1027313
11-05-17 21,0.006172833,0,62.33534,161.4355903,-99.10025172
11-05-17 22,0.030864167,0,4.3227086,10.24791163,-5.925203024
11-05-17 23,0,0,-15.483251,0,-15.48325062
12-05-17 00,0,0,-22.63318,0,-22.63318062
12-05-17 01,0,0,-23.384558,0,-23.38455772
12-05-17 02,0.006405509,0,-18.998556,0,-18.99855614
12-05-17 03,0.006172833,0,-10.724617,0,-10.724617
12-05-17 04,0.006410333,0,-6.4864035,0,-6.486403465
12-05-17 05,6.576255867,18.89300147,-6.375117,0,-6.375116825
12-05-17 06,77.02162384,280.6366684,-17.786804,0,-17.7868042
12-05-17 07,277.2172641,976.105483,9.791815,6.895129435,2.896685369
12-05-17 08,423.3094896,2138.435172,186.59222,208.2843127,-21.69208854
12-05-17 09,432.7565815,2151.398808,778.8182,715.3369781,63.48119818
12-05-17 10,884.7648489,3968.492439,1852.6498,2438.674156,-586.0243759
12-05-17 11,1001.473879,4239.761554,2695.3552,3542.44829,-847.0930659
12-05-17 12,1032.200614,4277.064786,3182.7976,4022.233907,-839.4362998
12-05-17 13,977.0554976,4053.927147,3292.6667,3753.536259,-460.8695114
12-05-17 14,842.1615416,3621.86176,3308.778,2987.941693,320.8363831
12-05-17 15,598.0085053,2741.883895,3083.5237,3057.735563,25.78811816
12-05-17 16,406.552121,1999.402052,2583.8926,3134.382551,-550.4899731
12-05-17 17,169.3520855,913.0898176,1909.6511,2214.716883,-305.0657596
12-05-17 18,57.63528435,236.1480876,1162.4937,1215.326,-52.83234783
12-05-17 19,32.54717958,115.8898341,582.9433,914.4034496,-331.4601513
12-05-17 20,5.155927242,13.03328259,201.73819,491.1681646,-289.4299749
12-05-17 21,0,0,55.768215,375.4436017,-319.6753866
12-05-17 22,0,0,-4.495507,12.79163892,-17.28714568
12-05-17 23,0,0,-20.128117,0,-20.12811661
13-05-17 00,0,0,-24.356165,0,-24.35616493
13-05-17 01,0,0,-22.579983,0,-22.57998276
13-05-17 02,0.026666668,0,-16.286636,0,-16.28663635
13-05-17 03,0.013088019,0,-10.14052,0,-10.1405201
13-05-17 04,0.145108776,0,-7.2133284,0,-7.213328362
13-05-17 05,8.036347526,22.54910042,-11.264073,0,-11.26407337
13-05-17 06,79.57407264,276.4442448,-21.225647,0,-21.22564697
13-05-17 07,267.8818632,898.1967604,-17.003572,26.17243904,-43.1760115
13-05-17 08,515.2830915,2532.469997,123.918434,307.8854802,-183.9670461
13-05-17 09,737.6883191,3422.759893,644.282,909.0943543,-264.8123718
13-05-17 10,906.7477848,3921.050244,1891.3507,2496.981775,-605.6310667
13-05-17 11,883.041515,3804.640332,2717.2178,3434.187078,-716.9693046
13-05-17 12,958.3965008,4018.144945,3199.989,4133.604064,-933.6150501
13-05-17 13,918.6378005,3831.770029,3269.8948,4334.204604,-1064.309829
13-05-17 14,676.3330086,2942.98883,2932.1238,4287.429171,-1355.305392
13-05-17 15,418.1274344,1940.538492,2729.9707,3634.847744,-904.8770414
13-05-17 16,239.0611277,1111.480683,2509.9336,2613.914564,-103.9809706
13-05-17 17,145.3323409,698.7669459,1949.6954,2169.784118,-220.088683
13-05-17 18,80.52456375,365.3059631,1214.218,999.3521639,214.8658537
13-05-17 19,37.23149183,161.4355903,680.54144,642.8225751,37.71886777
13-05-17 20,3.37479194,10.24791163,270.6024,200.8813362,69.72105024
13-05-17 21,0,0,119.82984,63.50426586,56.32557575
13-05-17 22,0,0,-1.806502,0.585620489,-2.392122474
13-05-17 23,0,0,-20.016237,0,-20.01623726
14-05-17 00,0,0,-25.364975,0,-25.36497498
14-05-17 01,0,0,-24.086508,0,-24.0865078
14-05-17 02,0.019501618,0,-18.318995,0,-18.31899452
14-05-17 03,0.013120584,0,-11.90301,0,-11.90301037
14-05-17 04,0.019230834,0,-8.609125,0,-8.609125137
14-05-17 05,2.732444266,6.895129435,-10.807924,0,-10.80792427
14-05-17 06,44.63010085,208.2843127,-20.481222,0,-20.48122215
14-05-17 07,176.8316664,715.3369781,13.1393175,8.189137501,4.950180011
14-05-17 08,506.1437618,2438.674156,170.15799,120.5111075,49.64688196
14-05-17 09,772.1774826,3542.44829,903.168,310.7199701,592.4480597
14-05-17 10,926.9210825,4022.233907,2042.3425,970.3726925,1071.969837
14-05-17 11,869.5273936,3753.536259,2713.3022,1434.428499,1278.873747
14-05-17 12,663.4720043,2987.941693,3168.397,2693.900764,474.4962089
14-05-17 13,682.5057601,3057.735563,3447.8254,1715.157161,1732.668278
14-05-17 14,712.5797321,3134.382551,3454.7434,2520.03506,934.7083479
14-05-17 15,478.6082018,2214.716883,3078.5654,2417.040297,661.525133
14-05-17 16,250.4472641,1215.326,2484.523,1343.757163,1140.765786
14-05-17 17,187.4336523,914.4034496,1934.3304,1741.117061,193.2133831
14-05-17 18,102.8105254,491.1681646,1102.1433,1790.668846,-688.5255353
14-05-17 19,75.19666133,375.4436017,519.5557,932.4987938,-412.9430687
14-05-17 20,4.043905059,12.79163892,128.34918,309.7915713,-181.4423892
14-05-17 21,0,0,27.36125,189.9066079,-162.545358
14-05-17 22,0,0,-11.951248,14.86423322,-26.81548139
14-05-17 23,0.006410334,0,-22.001125,0,-22.00112534
15-05-17 00,0,0,-24.52376,0,-24.52375984
15-05-17 01,0,0,-22.121738,0,-22.12173843
15-05-17 02,0.019417802,0,-15.572705,0,-15.57270527
15-05-17 03,0.012890636,0,-9.746161,0,-9.746161461
15-05-17 04,0.03298889,0,-7.0455604,0,-7.04556036
15-05-17 05,8.649921325,26.17243904,-11.462336,0,-11.46233559
15-05-17 06,81.72996022,307.8854802,-21.2895,0,-21.28949928
15-05-17 07,272.398895,909.0943543,-14.256583,26.15897546,-40.41555868
15-05-17 08,521.1550309,2496.981775,129.01157,381.3672749,-252.3557088
15-05-17 09,749.0153735,3434.187078,602.48944,1049.726829,-447.2373876
15-05-17 10,944.780352,4133.604064,1662.5297,2060.441714,-397.9120514
15-05-17 11,1046.493677,4334.204604,2370.09,2302.527733,67.56235475
15-05-17 12,1056.564158,4287.429171,2885.235,1957.579719,927.6553886
15-05-17 13,886.4834274,3634.847744,2686.4727,2772.986642,-86.5139858
15-05-17 14,587.9713701,2613.914564,2743.4773,2531.766534,211.7107605
15-05-17 15,489.3261659,2169.784118,2589.1196,2312.131628,276.988001
15-05-17 16,212.0625311,999.3521639,2076.0386,2640.50379,-564.4652154
15-05-17 17,133.6295647,642.8225751,1722.7776,2243.019208,-520.2416203
15-05-17 18,44.88035099,200.8813362,1261.7246,1856.982831,-595.2582215
15-05-17 19,16.49647728,63.50426586,682.5716,932.4350279,-249.8634336
15-05-17 20,0.547008542,0.585620489,256.384,351.1445046,-94.76050196
15-05-17 21,0.006182873,0,111.484276,167.5684348,-56.08415895
15-05-17 22,0,0,-2.9650903,14.01011197,-16.97520225
15-05-17 23,0,0,-21.62741,0,-21.62741089
16-05-17 00,0.006420938,0,-25.103455,0,-25.10345459
16-05-17 01,0.006666667,0,-21.63782,0,-21.63781929
16-05-17 02,0,0,-16.805868,0,-16.80586815
16-05-17 03,0,0,-13.788419,0,-13.78841877
16-05-17 04,0.006666667,0,-13.325528,0,-13.32552814
16-05-17 05,3.401985082,8.189137501,-18.553165,0,-18.55316544
16-05-17 06,28.3747567,120.5111075,-22.35818,0,-22.35817909
16-05-17 07,68.30150125,310.7199701,19.353268,32.36368916,-13.01042149
16-05-17 08,206.0871254,970.3726925,200.32603,291.216747,-90.89071242
16-05-17 09,307.7608742,1434.428499,795.1977,1097.621904,-302.4242114
16-05-17 10,605.8346948,2693.900764,1755.3038,2522.466183,-767.1623501
16-05-17 11,390.0460644,1715.157161,2320.8948,3445.19332,-1124.298545
16-05-17 12,592.0133632,2520.03506,2428.1223,3869.228712,-1441.106398
16-05-17 13,551.2670124,2417.040297,2771.472,3971.245884,-1199.77396
16-05-17 14,296.4367839,1343.757163,2703.8013,4230.082973,-1526.281704
16-05-17 15,376.4221069,1741.117061,2545.827,4064.136299,-1518.309395
16-05-17 16,377.3763565,1790.668846,2412.4656,3632.615719,-1220.150143
16-05-17 17,190.8618309,932.4987938,2029.6342,2972.45413,-942.8199743
16-05-17 18,71.24379541,309.7915713,1466.3809,2043.997649,-577.6167895
16-05-17 19,45.20249123,189.9066079,774.0511,952.8826123,-178.8315259
16-05-17 20,5.098540982,14.86423322,297.38013,268.820014,28.560113
16-05-17 21,0,0,103.18994,144.3369349,-41.14699353
16-05-17 22,0,0,-3.4877455,13.89079619,-17.37854171
16-05-17 23,0.000149583,0,-21.923162,0,-21.92316246
17-05-17 00,0.01886485,0,-25.876871,0,-25.87687111
17-05-17 01,0,0,-23.094883,0,-23.09488297
17-05-17 02,0,0,-16.380737,0,-16.3807373
17-05-17 03,0.01259324,0,-12.329259,0,-12.32925892
17-05-17 04,0,0,-10.505921,0,-10.50592136
17-05-17 05,8.35680735,26.15897546,-16.440329,0,-16.4403286
17-05-17 06,82.50402418,381.3672749,-22.343857,0,-22.34385681
17-05-17 07,240.6841547,1049.726829,31.929306,15.57520336,16.35410267
17-05-17 08,425.9360021,2060.441714,243.35922,261.5671853,-18.20796288
17-05-17 09,484.2211463,2302.527733,941.4514,1127.920182,-186.4687661
17-05-17 10,414.8117826,1957.579719,1905.8467,2572.679613,-666.8329332
17-05-17 11,611.7863222,2772.986642,2579.3801,3477.46206,-898.081933
17-05-17 12,549.6879604,2531.766534,3046.513,4051.238269,-1004.72533
17-05-17 13,494.3398299,2312.131628,3265.8074,3931.534963,-665.7275895
17-05-17 14,565.6952159,2640.50379,3377.829,4252.828347,-874.9992458
17-05-17 15,469.3258654,2243.019208,3199.208,4001.674561,-802.4665528
17-05-17 16,379.274077,1856.982831,2823.8022,3626.813103,-803.0108567
17-05-17 17,182.6753038,932.4350279,2293.022,3045.665311,-752.6433386
17-05-17 18,76.67828978,351.1445046,1557.4684,2171.778779,-614.3103952
17-05-17 19,40.65307216,167.5684348,771.3763,1092.757714,-321.381432
17-05-17 20,5.106600873,14.01011197,197.16685,335.1876372,-138.0207823
17-05-17 21,0.006172834,0,67.48594,141.2381009,-73.75216185
17-05-17 22,0,0,7.1838827,19.7323057,-12.54842299
17-05-17 23,0.04299913,0,-13.759951,0,-13.75995064
18-05-17 00,0.031303445,0,-21.764336,0,-21.76433563
18-05-17 01,0.024608317,0,-23.117554,0,-23.11755371
18-05-17 02,0.126553456,0,-19.135796,0,-19.13579559
18-05-17 03,0.050983162,0,-10.458382,0,-10.45838165
18-05-17 04,0.439460753,0,-5.6443496,0,-5.644349575
18-05-17 05,10.68194694,32.36368916,-5.682423,0,-5.682423115
18-05-17 06,87.7778262,291.216747,-16.765036,0,-16.76503563
18-05-17 07,288.3471457,1097.621904,2.388643,27.19406133,-24.8054183
18-05-17 08,528.5744912,2522.466183,167.27979,279.0475313,-111.7677461
18-05-17 09,757.7009126,3445.19332,874.113,1221.957893,-347.8449168
18-05-17 10,885.5571576,3869.228712,1941.7035,2614.484919,-672.7814282
18-05-17 11,924.8754836,3971.245884,2682.6033,3513.844235,-831.240964
18-05-17 12,1025.03607,4230.082973,3189.8284,4063.417049,-873.5886803
18-05-17 13,983.3991951,4064.136299,3329.939,4296.816005,-966.8770401
18-05-17 14,847.7794101,3632.615719,3403.3677,4313.833446,-910.46577
18-05-17 15,665.6122315,2972.45413,3154.349,4075.93187,-921.5827484
18-05-17 16,422.6397613,2043.997649,2801.5325,3605.636209,-804.1037379
18-05-17 17,179.4252195,952.8826123,2298.8337,2920.866714,-622.0329741
18-05-17 18,64.85782487,268.820014,1599.0359,1986.302975,-387.2670867
18-05-17 19,39.49646023,144.3369349,845.83246,908.574951,-62.74249251
18-05-17 20,5.774631848,13.89079619,237.23286,238.9288893,-1.696024966
18-05-17 21,0,0,69.432915,126.9857392,-57.55282446
18-05-17 22,0,0,11.84108,22.64397502,-10.8028953
18-05-17 23,0.012644759,0,-12.202498,0,-12.20249844
19-05-17 00,0.012046575,0,-20.979113,0,-20.97911263
19-05-17 01,0,0,-23.258774,0,-23.2587738
19-05-17 02,0,0,-20.250023,0,-20.25002289
19-05-17 03,0.006172834,0,-11.81146,0,-11.81145954
19-05-17 04,0.012583167,0,-6.058268,0,-6.05826807
19-05-17 05,7.583408219,15.57520336,-4.480347,0,-4.480347157
19-05-17 06,83.45360125,261.5671853,-14.28306,0,-14.28306007
19-05-17 07,277.5129257,1127.920182,19.676613,17.2597532,2.416859657
19-05-17 08,537.2936814,2572.679613,214.0877,158.8612986,55.22640891
19-05-17 09,765.3135583,3477.46206,957.7961,348.4301554,609.3659262
19-05-17 10,938.361387,4051.238269,1986.2739,495.5806542,1490.693272
19-05-17 11,924.0919919,3931.534963,2705.479,630.9731847,2074.505819
19-05-17 12,1042.138473,4252.828347,3195.7983,537.5364878,2658.261852
19-05-17 13,966.9705305,4001.674561,3478.5625,602.5968776,2875.965622
19-05-17 14,851.2154818,3626.813103,3461.3206,622.605909,2838.714648
19-05-17 15,680.6219229,3045.665311,3205.113,601.2546416,2603.858395
19-05-17 16,451.8491894,2171.778779,2808.1064,557.5848314,2250.521614
19-05-17 17,211.4661284,1092.757714,2263.905,413.5966857,1850.308344
19-05-17 18,78.49088953,335.1876372,1531.7742,369.5769568,1162.197213
19-05-17 19,39.69864118,141.2381009,762.8286,272.4642802,490.3643331
19-05-17 20,8.019607972,19.7323057,194.76588,213.233367,-18.46748261
19-05-17 21,0,0,66.42257,89.873326,-23.45075672
19-05-17 22,0,0,11.907063,8.889079639,3.017982891
19-05-17 23,0,0,-12.681666,0,-12.68166637
20-05-17 00,0,0,-20.996893,0,-20.99689293
20-05-17 01,0,0,-22.853622,0,-22.85362244
20-05-17 02,0,0,-19.261087,0,-19.26108742
20-05-17 03,0.006172997,0,-10.479689,0,-10.47968864
20-05-17 04,0.006884427,0,-5.3763328,0,-5.37633276
20-05-17 05,11.55628412,27.19406133,-4.895803,0,-4.895802975
20-05-17 06,93.28351161,279.0475313,-15.243667,0,-15.24366665
20-05-17 07,299.1334174,1221.957893,1.3052936,44.0268986,-42.72160504
20-05-17 08,553.0734087,2614.484919,163.06111,241.4233543,-78.36224285
20-05-17 09,778.6980715,3513.844235,653.076,648.635825,4.440163779
20-05-17 10,944.0593025,4063.417049,1490.5059,1413.573583,76.93227627
20-05-17 11,1038.886989,4296.816005,2068.3342,2513.74554,-445.4113118
20-05-17 12,1054.74184,4313.833446,2365.4727,3589.033215,-1223.560559
20-05-17 13,988.3235778,4075.93187,2504.7827,3647.236983,-1142.454268
20-05-17 14,852.8107098,3605.636209,2497.51,3021.958288,-524.4482783
20-05-17 15,659.1591315,2920.866714,2371.9387,3380.291737,-1008.353016
20-05-17 16,416.2600017,1986.302975,2128.9717,2187.636557,-58.66487699
20-05-17 17,174.1176909,908.574951,1630.3019,3015.91255,-1385.61067
20-05-17 18,59.61742591,238.9288893,1180.4998,1940.482677,-759.982921
20-05-17 19,37.65920024,126.9857392,704.87,1063.497268,-358.6272728
20-05-17 20,9.449043328,22.64397502,379.10474,450.4346502,-71.32991388
20-05-17 21,0,0,104.38823,205.1457282,-100.7574989
20-05-17 22,0,0,-5.785955,42.70081309,-48.48676804
20-05-17 23,0,0,-19.90205,0,-19.90205002
21-05-17 00,0,0,-21.625978,0,-21.62597847
21-05-17 01,0,0,-20.113377,0,-20.11337662
21-05-17 02,0,0,-18.496124,0,-18.49612427
21-05-17 03,0,0,-17.28612,0,-17.28611946
21-05-17 04,0,0,-19.37304,0,-19.37303925
21-05-17 05,6.479846969,17.2597532,-21.855328,0,-21.85532761
21-05-17 06,37.65971048,158.8612986,-27.00245,0,-27.00245094
21-05-17 07,76.12878994,348.4301554,52.653503,4.152695334,48.50080808
21-05-17 08,106.2762491,495.5806542,311.77893,212.7892444,98.98968628
21-05-17 09,134.0863191,630.9731847,906.52325,519.4702703,387.0529841
21-05-17 10,116.2180547,537.5364878,1783.9457,1056.075553,727.8701252
21-05-17 11,129.7990637,602.5968776,2396.4768,1906.014621,490.4621852
21-05-17 12,134.003187,622.605909,2887.9553,2846.664826,41.2904965
21-05-17 13,130.2177921,601.2546416,3120.2769,3864.145775,-743.8689194
21-05-17 14,121.4163753,557.5848314,2970.3438,3720.286724,-749.9429744
21-05-17 15,92.25103609,413.5966857,2939.6418,3819.728788,-880.0869418
21-05-17 16,82.25921457,369.5769568,2376.387,3344.85196,-968.4649975
21-05-17 17,61.72046835,272.4642802,2222.1492,2802.576458,-580.4272883
21-05-17 18,48.65628693,213.233367,1500.691,1919.51296,-418.8219196
21-05-17 19,22.69096194,89.873326,788.6411,945.4844259,-156.8433126
21-05-17 20,3.130077095,8.889079639,268.0932,436.0398266,-167.9466259
21-05-17 21,0,0,77.76541,202.1372571,-124.3718457
21-05-17 22,0,0,10.163783,21.84769585,-11.68391277
21-05-17 23,0,0,-18.204216,0,-18.204216
22-05-17 00,0,0,-24.498365,0,-24.4983654
22-05-17 01,0,0,-23.098692,0,-23.09869194
22-05-17 02,0,0,-16.369036,0,-16.36903572
22-05-17 03,0,0,-10.837371,0,-10.83737087
22-05-17 04,0,0,-8.17858,0,-8.178580284
22-05-17 05,10.53493311,44.0268986,-12.472542,0,-12.47254181
22-05-17 06,52.56141499,241.4233543,-21.452763,0,-21.4527626
22-05-17 07,133.2763711,648.635825,-19.11791,53.51631514,-72.63422552
22-05-17 08,290.924728,1413.573583,101.24515,254.8262056,-153.5810579
22-05-17 09,529.1304607,2513.74554,438.4163,832.5622449,-394.1459546
22-05-17 10,814.1622839,3589.033215,1361.9313,2418.486549,-1056.555274
22-05-17 11,849.6084606,3647.236983,2209.964,3270.720624,-1060.756513
22-05-17 12,702.360296,3021.958288,2712.0457,3748.194431,-1036.148777
22-05-17 13,779.3209766,3380.291737,3152.178,3287.794618,-135.6166393
22-05-17 14,473.9026507,2187.636557,3245.1472,2637.198238,607.9489785
22-05-17 15,656.7748541,3015.91255,3235.474,3945.70623,-710.2321092
22-05-17 16,397.6190176,1940.482677,2917.0657,2634.090524,282.9751503
22-05-17 17,205.6644279,1063.497268,2457.5,2351.41899,106.0810101
22-05-17 18,97.62816737,450.4346502,1724.9833,1557.677134,167.3061422
22-05-17 19,47.68762001,205.1457282,907.7899,923.176834,-15.38691698
22-05-17 20,10.97271531,42.70081309,357.5947,589.2416349,-231.6469389
22-05-17 21,0,0,99.13282,171.5062293,-72.37340914
22-05-17 22,0,0,6.254504,16.83290233,-10.57839813
22-05-17 23,0,0,-17.306448,0,-17.30644798
23-05-17 00,0,0,-24.323751,0,-24.32375145
23-05-17 01,0,0,-24.153433,0,-24.15343285
23-05-17 02,0.006617065,0,-18.840078,0,-18.84007835
23-05-17 03,0,0,-11.831788,0,-11.83178806
23-05-17 04,0,0,-8.418444,0,-8.41844368
23-05-17 05,2.271743216,4.152695334,-8.103376,0,-8.103376389
23-05-17 06,47.23692023,212.7892444,-20.277443,0,-20.27744293
23-05-17 07,112.6371701,519.4702703,40.180943,0,40.18094254
23-05-17 08,219.1333725,1056.075553,232.00723,62.63645432,169.3707783
23-05-17 09,402.6291644,1906.014621,730.93243,219.7840338,511.1484003
23-05-17 10,631.1053583,2846.664826,1793.1144,424.0845218,1369.029858
23-05-17 11,914.3334604,3864.145775,2579.69,545.0267835,2034.663158
23-05-17 12,882.9564278,3720.286724,3083.7473,567.2270604,2516.520254
23-05-17 13,923.8578656,3819.728788,3091.8096,894.8463063,2196.963264
23-05-17 14,786.9679396,3344.85196,2810.649,1399.533184,1411.115742
23-05-17 15,630.495281,2802.576458,3002.7407,1993.937065,1008.803658
23-05-17 16,404.3848064,1919.51296,2434.4004,1253.778345,1180.622046
23-05-17 17,189.6590852,945.4844259,2018.969,681.6569045,1337.31209
23-05-17 18,97.75502142,436.0398266,1324.1356,276.7085464,1047.427074
23-05-17 19,49.66766149,202.1372571,713.8914,161.0327563,552.8586622
23-05-17 20,8.105956624,21.84769585,317.75595,130.3798069,187.376144
23-05-17 21,0,0,74.74022,57.35933555,17.38088357
23-05-17 22,0.012386596,0,0.061546396,2.221932952,-2.160386556
23-05-17 23,0.0128205,0,-19.943094,0,-19.94309425
24-05-17 00,0,0,-24.7945,0,-24.79450035
24-05-17 01,0,0,-22.856138,0,-22.85613823
24-05-17 02,0,0,-15.853052,0,-15.85305214
24-05-17 03,0.019119502,0,-9.99846,0,-9.998459816
24-05-17 04,0.026582085,0,-7.570242,0,-7.570241928
24-05-17 05,14.67250309,53.51631514,-12.757954,0,-12.75795364
24-05-17 06,59.41251032,254.8262056,-22.397509,0,-22.39750862
24-05-17 07,190.5902734,832.5622449,-20.993889,7.14366477,-28.13755362
24-05-17 08,512.4986075,2418.486549,72.83185,135.1160365,-62.28418832
24-05-17 09,733.0131691,3270.720624,458.1103,485.1204704,-27.01017991
24-05-17 10,889.6564346,3748.194431,1260.1388,1997.531488,-737.3926938
24-05-17 11,795.1290302,3287.794618,1899.9503,3075.144106,-1175.193788
24-05-17 12,610.3241689,2637.198238,2216.7905,1918.152877,298.6376501
24-05-17 13,975.0217738,3945.70623,2465.3713,1996.267549,469.1037891
24-05-17 14,622.9762975,2634.090524,2599.4216,1474.420921,1125.00071
24-05-17 15,537.1869723,2351.41899,2575.9866,1248.456754,1327.529818
24-05-17 16,330.8571182,1557.677134,2173.1685,1141.414301,1031.754156
24-05-17 17,189.8371307,923.176834,1619.659,1215.372398,404.2866592
24-05-17 18,125.985909,589.2416349,1017.2921,1040.74039,-23.44827584
24-05-17 19,44.54777156,171.5062293,543.9184,752.2286678,-208.3102718
24-05-17 20,6.806071131,16.83290233,248.73515,475.807894,-227.0727408
24-05-17 21,0.006410538,0,18.890272,225.6031244,-206.7128522
24-05-17 22,0.012443369,0,-13.922585,16.92544861,-30.84803315
24-05-17 23,0.006095673,0,-20.709768,0,-20.7097683
25-05-17 00,0,0,-20.182713,0,-20.18271255
25-05-17 01,0,0,-19.338667,0,-19.33866692
25-05-17 02,0,0,-18.8296,0,-18.82959938
25-05-17 03,0,0,-18.935541,0,-18.93554115
25-05-17 04,0,0,-22.785511,0,-22.78551102
25-05-17 05,3.27523526,0,-22.583057,0,-22.5830574
25-05-17 06,17.60495984,62.63645432,-25.24866,0,-25.24865913
25-05-17 07,48.60658999,219.7840338,-15.138877,65.22421058,-80.36308749
25-05-17 08,90.0580788,424.0845218,159.7208,316.953084,-157.2322894
25-05-17 09,113.8706764,545.0267835,603.04095,1290.703316,-687.662361
25-05-17 10,119.9316565,567.2270604,1646.6597,2577.885002,-931.2253342
25-05-17 11,184.3259614,894.8463063,2398.498,3168.060906,-769.562859
25-05-17 12,292.2166429,1399.533184,2400.9536,3986.382723,-1585.42911
25-05-17 13,417.654759,1993.937065,2488.315,4102.809442,-1614.494501
25-05-17 14,257.5668006,1253.778345,2330.087,4059.046504,-1728.95959
25-05-17 15,139.7723624,681.6569045,2145.861,2269.852994,-123.9919096
25-05-17 16,60.86368489,276.7085464,1892.294,1993.135679,-100.8417333
25-05-17 17,38.07785946,161.0327563,1569.2496,812.7287219,756.5209119
25-05-17 18,31.0455866,130.3798069,1094.4785,599.5045977,494.973918
25-05-17 19,15.69579016,57.35933555,644.75507,1013.695163,-368.9400974
25-05-17 20,2.262080759,2.221932952,325.18854,478.6655946,-153.477057
25-05-17 21,0.27572804,0,170.07973,158.9991053,11.08062185
25-05-17 22,0.25730014,0,3.898765,49.59109089,-45.6923258
25-05-17 23,0.356180758,0,-18.88154,0,-18.8815403
26-05-17 00,0.197290892,0,-24.007217,0,-24.00721741
26-05-17 01,0.072405167,0,-21.774641,0,-21.77464104
26-05-17 02,0.057738987,0,-18.566439,0,-18.56643867
26-05-17 03,0.066376717,0,-15.734885,0,-15.73488522
26-05-17 04,0.026166719,0,-14.898524,0,-14.89852428
26-05-17 05,3.161460239,7.14366477,-20.1263,0,-20.12630081
26-05-17 06,31.76333332,135.1160365,-23.20865,0,-23.20865059
26-05-17 07,101.2795589,485.1204704,73.80326,32.48770116,41.31555964
26-05-17 08,418.639271,1997.531488,316.37595,300.8683659,15.50758019
26-05-17 09,661.7663211,3075.144106,1156.0353,1367.280376,-211.2450979
26-05-17 10,418.9557532,1918.152877,2119.8462,2679.516305,-559.6701133
26-05-17 11,437.4900342,1996.267549,2574.3037,3529.371231,-955.0675199
26-05-17 12,306.2519886,1474.420921,3061.2742,3722.272761,-660.9985911
26-05-17 13,255.8750744,1248.456754,3297.7358,3495.324236,-197.5883959
26-05-17 14,237.6301754,1141.414301,3324.7666,3961.063851,-636.2972494
26-05-17 15,248.9904262,1215.372398,2632.8625,3764.65109,-1131.788541
26-05-17 16,214.289867,1040.74039,2209.7898,3565.626134,-1355.836339
26-05-17 17,154.4454767,752.2286678,1471.9888,2930.518083,-1458.529313
26-05-17 18,98.09263236,475.807894,871.9483,2033.732457,-1161.784154
26-05-17 19,51.65143613,225.6031244,583.47833,966.9379694,-383.4596369
26-05-17 20,5.384973011,16.92544861,237.57884,246.2018397,-8.622997488
26-05-17 21,0,0,74.679214,131.7415842,-57.06236972
26-05-17 22,0.013088093,0,10.630411,33.33905889,-22.70864774
26-05-17 23,0,0,-18.084127,0,-18.08412743
27-05-17 00,0,0,-21.935213,0,-21.93521309
27-05-17 01,0.006469579,0,-18.367792,0,-18.36779213
27-05-17 02,0.150362823,0,-12.749221,0,-12.74922085
27-05-17 03,0.149762602,0,-9.49781,0,-9.497810364
27-05-17 04,0.131240527,0,-8.684364,0,-8.684364319
27-05-17 05,17.75072443,65.22421058,-18.427732,0,-18.42773247
27-05-17 06,100.5506336,316.953084,-24.79534,0,-24.79533958
27-05-17 07,299.4524684,1290.703316,39.347725,39.13524907,0.212475842
27-05-17 08,546.129556,2577.885002,267.99487,310.2499474,-42.2550743
27-05-17 09,695.5146901,3168.060906,1130.9716,1347.216525,-216.244967
27-05-17 10,938.8351831,3986.382723,2189.1973,2648.643917,-459.446651
27-05-17 11,1000.268466,4102.809442,2894.7817,3532.278995,-637.4972572
27-05-17 12,1017.281299,4059.046504,3232.6975,4073.854741,-841.1572314
27-05-17 13,529.8855714,2269.852994,3160.5396,4281.241597,-1120.702046
27-05-17 14,442.6074318,1993.135679,3226.8699,4283.491117,-1056.621244
27-05-17 15,177.1558686,812.7287219,3043.0552,4051.009898,-1007.954722
27-05-17 16,128.5909115,599.5045977,2759.426,3610.029769,-850.6037436
27-05-17 17,198.3798518,1013.695163,2265.5889,2935.474981,-669.8861136
27-05-17 18,101.8458517,478.6655946,1584.3722,2032.379838,-448.0076455
27-05-17 19,41.21011331,158.9991053,829.8824,966.9863123,-137.103927
27-05-17 20,14.7945816,49.59109089,270.1811,248.6311425,21.54994876
27-05-17 21,0,0,71.788826,163.8509625,-92.06213649
27-05-17 22,0,0,14.824648,83.13590839,-68.31126048
27-05-17 23,0,0,-13.532698,0.004062066,-13.53675974
28-05-17 00,0.00669424,0,-21.558146,0,-21.55814552
28-05-17 01,0,0,-23.064949,0,-23.06494904
28-05-17 02,0,0,-18.902847,0,-18.90284729
28-05-17 03,0.091819873,0,-10.195953,0,-10.19595337
28-05-17 04,0.090339356,0,-5.464845,0,-5.464845181
28-05-17 05,14.11133584,32.48770116,-6.43586,0,-6.435860157
28-05-17 06,106.6752392,300.8683659,-18.53357,0,-18.53356934
28-05-17 07,326.0789764,1367.280376,28.554874,45.0536718,-16.49879738
28-05-17 08,578.8376614,2679.516305,258.1458,334.557263,-76.41145004
28-05-17 09,799.9044992,3529.371231,1069.492,577.1036008,492.3883425
28-05-17 10,876.224701,3722.272761,2034.9877,1770.238937,264.7487335
28-05-17 11,846.044359,3495.324236,2719.0608,2067.713451,651.3473397
28-05-17 12,992.0370615,3961.063851,3196.0361,1661.165713,1534.87042
28-05-17 13,938.6055883,3764.65109,3472.022,1262.93609,2209.085883
28-05-17 14,867.6998811,3565.626134,3445.3298,3681.086656,-235.7568219
28-05-17 15,673.4017639,2930.518083,3191.4216,3751.911985,-560.4903539
28-05-17 16,432.0380371,2033.732457,2809.1526,3126.471572,-317.3189841
28-05-17 17,183.4726804,966.9379694,2275.4067,2476.865188,-201.4584493
28-05-17 18,59.02956548,246.2018397,1568.9781,1539.084361,29.89378802
28-05-17 19,38.06066584,131.7415842,813.81116,110.9881785,702.8229788
28-05-17 20,13.3532243,33.33905889,228.11334,0,228.1133423
28-05-17 21,0,0,69.81744,139.7525433,-69.93510711
28-05-17 22,0,0,35.515835,54.42221527,-18.90638047
28-05-17 23,0,0,-9.675848,0,-9.675848007
29-05-17 00,0,0,-19.333359,0,-19.33335876
29-05-17 01,0,0,-22.38647,0,-22.38647079
29-05-17 02,0,0,-19.143934,0,-19.14393425
29-05-17 03,0,0,-10.52618,0,-10.52618027
29-05-17 04,0.044450912,0,-4.556529,0,-4.556529045
29-05-17 05,15.37966195,39.13524907,-4.526175,0,-4.526175022
29-05-17 06,105.3203125,310.2499474,-14.667358,0,-14.6673584
29-05-17 07,320.1842015,1347.216525,29.664316,58.78696092,-29.12264474
29-05-17 08,572.8102561,2648.643917,253.40273,346.5509861,-93.14826087
29-05-17 09,795.5140009,3532.278995,831.59955,1158.935659,-327.3361102
29-05-17 10,956.2331926,4073.854741,1807.1254,2383.147338,-576.0219713
29-05-17 11,1045.288423,4281.241597,2373.238,3146.837265,-773.599228
29-05-17 12,1060.699472,4283.491117,2529.5178,3628.723791,-1099.205969
29-05-17 13,1002.350378,4051.009898,2480.9915,3821.707685,-1340.71623
29-05-17 14,872.2558077,3610.029769,2980.5068,3881.662942,-901.1561062
29-05-17 15,678.3712682,2935.474981,3028.4717,2739.995254,288.4764259
29-05-17 16,433.2935681,2032.379838,2790.6768,242.1419949,2548.534763
29-05-17 17,184.3281446,966.9863123,2346.1965,0,2346.196533
29-05-17 18,59.48047627,248.6311425,1631.3241,281.068272,1350.255825
29-05-17 19,40.15760275,163.8509625,751.71545,802.7677539,-51.05229983
29-05-17 20,19.34623083,83.13590839,266.80753,216.2055926,50.60193308
29-05-17 21,0.001773575,0.004062066,105.68568,111.0524519,-5.366775345
29-05-17 22,0,0,11.634086,19.53058423,-7.896498574
29-05-17 23,0,0,-18.178438,0,-18.17843819
30-05-17 00,0,0,-23.247492,0,-23.24749184
30-05-17 01,0,0,-20.599949,0,-20.59994888
30-05-17 02,0,0,-13.385748,0,-13.38574791
30-05-17 03,0.006458006,0,-9.863177,0,-9.863177299
30-05-17 04,0.004661258,0,-9.369164,0,-9.369164467
30-05-17 05,14.6868316,45.0536718,-17.9807,0,-17.98069954
30-05-17 06,79.55284961,334.557263,-24.292488,0.008678826,-24.30116692
30-05-17 07,124.9975321,577.1036008,56.3677,56.14606585,0.221632815
30-05-17 08,379.8467582,1770.238937,273.46207,142.8204649,130.6416017
30-05-17 09,456.2391633,2067.713451,992.0175,599.1849453,392.8325718
30-05-17 10,366.5645114,1661.165713,1905.8768,1572.022323,333.8545085
30-05-17 11,276.567397,1262.93609,2527.8672,2855.63766,-327.7704722
30-05-17 12,912.3612713,3681.086656,3037.746,2444.46942,593.276674
30-05-17 13,950.2745471,3751.911985,3346.056,2993.622023,352.433885
30-05-17 14,769.0433002,3126.471572,3312.6133,3195.013893,117.5993885
30-05-17 15,584.8808511,2476.865188,2785.074,3712.96758,-927.8936053
30-05-17 16,341.3241487,1539.084361,1896.4021,2627.612911,-731.2108115
30-05-17 17,30.38204852,110.9881785,871.02057,2637.976187,-1766.955618
30-05-17 18,61.97901315,0,629.67126,1140.541923,-510.8706588
30-05-17 19,64.42036832,139.7525433,520.4737,656.3188191,-135.8451252
30-05-17 20,13.99459884,54.42221527,224.3666,384.6834611,-160.3168687
30-05-17 21,0,0,93.60425,198.6268244,-105.0225763
30-05-17 22,0,0,-2.3011086,44.85660163,-47.15771023
30-05-17 23,0,0,-17.122473,5.89E-05,-17.12253164
31-05-17 00,0,0,-17.875422,0,-17.87542152
31-05-17 01,0,0,-14.958394,0,-14.95839405
31-05-17 02,0,0,-12.936654,0,-12.93665409
31-05-17 03,0,0,-12.415536,0,-12.41553593
31-05-17 04,0.051514939,0,-15.780468,0,-15.78046799
31-05-17 05,18.15618715,58.78696092,-20.71906,0,-20.7190609
31-05-17 06,95.53776886,346.5509861,-29.125767,0,-29.12576675
31-05-17 07,281.1400822,1158.935659,70.42094,44.61381416,25.80712242
31-05-17 08,529.3451035,2383.147338,349.70578,333.221661,16.48411899
31-05-17 09,737.5209919,3146.837265,1176.9028,1427.404711,-250.5018786
31-05-17 10,894.5424601,3628.723791,2170.1636,2737.376889,-567.2133149
31-05-17 11,976.8399648,3821.707685,2776.0508,3638.201951,-862.1511698
31-05-17 12,1006.585284,3881.662942,2732.261,4143.054374,-1410.793388
31-05-17 13,674.6402271,2739.995254,2918.7256,4371.879037,-1453.153451
31-05-17 14,53.91337344,242.1419949,2842.8286,4335.810044,-1492.98143
31-05-17 15,7.411664639,0,3029.728,4119.096522,-1089.368494
31-05-17 16,71.31048289,281.068272,2615.9604,3696.883625,-1080.923176
31-05-17 17,165.9699608,802.7677539,2209.2676,3046.654072,-837.3864934
31-05-17 18,48.93135698,216.2055926,1318.1117,2123.644263,-805.532569
31-05-17 19,26.11793919,111.0524519,647.24274,1037.205452,-389.9627152
31-05-17 20,6.058557383,19.53058423,247.75235,254.9559731,-7.203623259
31-05-17 21,8.19E-05,0,80.67384,141.5204618,-60.84661838
31-05-17 22,0,0,10.8198,44.29477987,-33.47497949
31-05-17 23,0,0,-18.576044,0,-18.57604408
01-06-17 00,0,0,-23.508627,0,-23.50862694
01-06-17 01,0,0,-20.684725,0,-20.68472481
01-06-17 02,0,0,-13.398183,0,-13.39818287
01-06-17 03,0.026773454,0,-9.804844,0,-9.804843903
01-06-17 04,0.169512593,0.008678826,-8.694669,0,-8.69466877
01-06-17 05,14.92038182,56.14606585,-15.681512,0,-15.68151188
01-06-17 06,35.08496616,142.8204649,-23.209383,0.030485161,-23.23986817
01-06-17 07,135.6306634,599.1849453,43.893234,68.93083395,-25.0375997
01-06-17 08,337.7777889,1572.022323,248.30115,353.4898379,-105.1886904
01-06-17 09,623.1475091,2855.63766,1016.6202,1424.596799,-407.9766208
01-06-17 10,545.2069529,2444.46942,2038.1753,2660.81136,-622.6360666
01-06-17 11,695.0984075,2993.622023,2688.2834,3523.002819,-834.7193715
01-06-17 12,744.2451581,3195.013893,3188.0942,4033.934966,-845.8407273
01-06-17 13,889.4930445,3712.96758,3476.4126,4237.181781,-760.7691834
01-06-17 14,596.9399609,2627.612911,3441.9236,4192.185236,-750.261652
01-06-17 15,587.7659374,2637.976187,3214.0647,3971.67851,-757.6138127
01-06-17 16,241.2940014,1140.541923,2829.9446,3574.006614,-744.062034
01-06-17 17,135.8999718,656.3188191,2301.0925,2954.575323,-653.4827942
01-06-17 18,85.78822913,384.6834611,1602.3208,2048.342968,-446.0221672
01-06-17 19,49.24454935,198.6268244,841.93365,1001.056812,-159.123157
01-06-17 20,15.55708572,44.85660163,242.67557,281.2213316,-38.54576395
01-06-17 21,0.001717291,5.89E-05,70.068306,153.3752762,-83.30697024
01-06-17 22,0,0,23.36276,44.35024036,-20.98747982
01-06-17 23,3.59E-05,0,-10.294142,0,-10.29414177
02-06-17 00,0.012833272,0,-19.583944,0,-19.58394432
02-06-17 01,0.006838908,0,-22.428911,0,-22.42891121
02-06-17 02,0.07810393,0,-19.125666,0,-19.12566566
02-06-17 03,0.060007141,0,-10.423243,0,-10.42324257
02-06-17 04,0.189918643,0,-4.341571,0,-4.341570854
02-06-17 05,16.94125148,44.61381416,-4.356905,0,-4.356904984
02-06-17 06,108.8272337,333.221661,-14.055213,0,-14.05521297
02-06-17 07,321.8461224,1427.404711,44.62858,53.54915086,-8.920572673
02-06-17 08,570.6866408,2737.376889,309.23883,338.874904,-29.6360734
02-06-17 09,796.4056048,3638.201951,1156.3015,1394.725298,-238.4237848
02-06-17 10,960.5956072,4143.054374,2088.6833,2653.825968,-565.1426187
02-06-17 11,1050.59887,4371.879037,2784.8618,3486.153765,-701.291949
02-06-17 12,1064.779478,4335.810044,3244.3718,3961.041056,-716.6692294
02-06-17 13,1003.938552,4119.096522,3471.3237,4171.304195,-699.9804644
02-06-17 14,877.0129253,3696.883625,3413.6895,4159.714598,-746.0251452
02-06-17 15,683.0387967,3046.654072,3156.4966,3957.348048,-800.8514663
02-06-17 16,439.7265607,2123.644263,2784.0786,3422.764022,-638.6854089
02-06-17 17,189.9446259,1037.205452,2273.2266,2659.719996,-386.4934338
02-06-17 18,57.878206,254.9559731,1576.3345,1906.910635,-330.5761626
02-06-17 19,39.174034,141.5204618,834.61456,1012.861912,-178.2473486
02-06-17 20,15.5618101,44.29477987,254.1474,449.5991428,-195.4517429
02-06-17 21,0.034971,0,69.69915,155.2785434,-85.57939332
02-06-17 22,0,0,22.396008,58.9004659,-36.50445836
02-06-17 23,0,0,-11.138885,0,-11.13888454
03-06-17 00,0,0,-20.28352,0,-20.28351974
03-06-17 01,0,0,-22.455702,0,-22.45570183
03-06-17 02,0,0,-18.344633,0,-18.3446331
03-06-17 03,0,0,-9.14963,0,-9.149629593
03-06-17 04,0.223081231,0.030485161,-3.5742319,0,-3.574231863
03-06-17 05,20.79509076,68.93083395,-5.2908945,0,-5.290894508
03-06-17 06,110.7980855,353.4898379,-16.028017,0.000610934,-16.02862798
03-06-17 07,322.2776984,1424.596799,37.022743,107.6032968,-70.5805536
03-06-17 08,569.2015365,2660.81136,287.7513,419.5593372,-131.8080249
03-06-17 09,788.9788147,3523.002819,1107.2463,1136.19444,-28.9481025
03-06-17 10,951.2354161,4033.934966,2068.1904,1487.565662,580.6247675
03-06-17 11,1038.277531,4237.181781,2763.6345,1562.26609,1201.368431
03-06-17 12,1047.517882,4192.185236,3213.576,1522.43055,1691.145378
03-06-17 13,987.220793,3971.67851,3444.0327,1823.32372,1620.708994
03-06-17 14,863.6053378,3574.006614,3402.7512,1325.363052,2077.388169
03-06-17 15,681.3564152,2954.575323,3158.7188,278.2708083,2880.447942
03-06-17 16,437.8591866,2048.342968,2746.0757,771.6096054,1974.466078
03-06-17 17,190.8215498,1001.056812,2178.8896,976.0421215,1202.847527
03-06-17 18,66.21507179,281.2213316,1507.686,619.140101,888.5459342
03-06-17 19,43.26237061,153.3752762,815.1786,249.0000455,566.1785433
03-06-17 20,16.09581217,44.35024036,294.90524,291.0251539,3.880089005
03-06-17 21,0.075115623,0,68.2068,80.75344286,-12.54664049
03-06-17 22,0.000105106,0,25.507034,0,25.5070343
03-06-17 23,0.025382031,0,-12.255487,0,-12.25548744
04-06-17 00,0,0,-20.869259,0,-20.86925888
04-06-17 01,0.012980721,0,-22.71139,0,-22.71138954
04-06-17 02,0.242517816,0,-18.358292,0,-18.35829163
04-06-17 03,0.026052635,0,-9.501373,0,-9.501373291
04-06-17 04,0.369701811,0,-4.4137707,0,-4.413770676
04-06-17 05,19.19741821,53.54915086,-6.060434,0,-6.060433865
04-06-17 06,107.7023239,338.874904,-17.896973,0.008881064,-17.90585372
04-06-17 07,316.5774947,1394.725298,67.4062,50.97243648,16.43376012
04-06-17 08,565.515647,2653.825968,363.6918,341.9668559,21.72494705
04-06-17 09,784.007177,3486.153765,1136.3036,1406.550398,-270.2468096
04-06-17 10,943.7908304,3961.041056,1887.895,2554.629881,-666.7348616
04-06-17 11,1033.123413,4171.304195,2357.626,2914.025189,-556.399212
04-06-17 12,1044.999038,4159.714598,2551.3901,3667.646636,-1116.256499
04-06-17 13,992.359144,3957.348048,2636.3894,3801.5374,-1165.147995
04-06-17 14,826.6668518,3422.764022,2453.7231,2472.87854,-19.15539527
04-06-17 15,610.1415193,2659.719996,2150.7466,3142.013429,-991.2668467
04-06-17 16,403.6413384,1906.910635,2003.2577,2535.872609,-532.6149182
04-06-17 17,201.2115777,1012.861912,1679.6726,2913.155863,-1233.483256
04-06-17 18,101.696743,449.5991428,1272.738,1946.510789,-673.7727515
04-06-17 19,42.42092694,155.2785434,736.3232,956.5332283,-220.2100471
04-06-17 20,17.35089773,58.9004659,463.8011,349.7447482,114.0563382
04-06-17 21,0,0,143.48784,310.3364976,-166.8486589
04-06-17 22,0,0,-9.878441,46.30474117,-56.18318203
04-06-17 23,0,0,-20.354427,0,-20.35442734
05-06-17 00,0.006410334,0,-19.965065,0,-19.965065
05-06-17 01,0,0,-18.203552,0,-18.20355225
05-06-17 02,0,0,-16.099762,0,-16.09976196
05-06-17 03,0.045198191,0,-15.645569,0,-15.64556885
05-06-17 04,0.081792824,0.000610934,-20.376852,0,-20.37685204
05-06-17 05,26.26548847,107.6032968,-21.821865,0,-21.82186508
05-06-17 06,96.86653425,419.5593372,-30.134052,0,-30.13405228
05-06-17 07,265.1741082,1136.19444,77.92319,59.22582692,18.69736034
05-06-17 08,314.4235497,1487.565662,368.0406,149.6066469,218.4339415
05-06-17 09,320.93394,1562.26609,1191.9779,234.5053782,957.472527
05-06-17 10,311.3004801,1522.43055,2084.38,318.0569878,1766.322895
05-06-17 11,388.9634335,1823.32372,2564.8655,1663.826738,901.0387401
05-06-17 12,288.0545763,1325.363052,3022.4546,2131.228631,891.2259593
05-06-17 13,63.26561083,278.2708083,3204.1226,3524.399306,-320.2767475
05-06-17 14,163.3080556,771.6096054,2776.086,3415.574806,-639.4888683
05-06-17 15,205.7261665,976.0421215,2744.4492,3571.918307,-827.4690882
05-06-17 16,132.1648038,619.140101,2313.9783,2180.627345,133.3509261
05-06-17 17,57.60890538,249.0000455,2081.1372,402.1588022,1678.978405
05-06-17 18,64.70373378,291.0251539,1417.2643,210.1680942,1207.096188
05-06-17 19,20.72776865,80.75344286,710.4374,218.4042928,492.0330852
05-06-17 20,0.697999193,0,220.10155,200.9175146,19.18403263
05-06-17 21,0,0,97.53464,0,97.53463745
05-06-17 22,0.019528263,0,12.991843,0,12.99184322
05-06-17 23,0.032024791,0,-17.208994,0,-17.20899391
06-06-17 00,0.031985775,0,-23.987411,0,-23.9874115
06-06-17 01,0.013681328,0,-23.143227,0,-23.14322662
06-06-17 02,0.052165167,0,-16.517069,0,-16.51706886
06-06-17 03,0.100421792,0,-9.815672,0,-9.815671921
06-06-17 04,0.873988113,0.008881064,-7.0511146,0,-7.051114559
06-06-17 05,18.34587537,50.97243648,-12.287658,0,-12.28765774
06-06-17 06,100.6812866,341.9668559,-22.029978,0,-22.0299778
06-06-17 07,323.7509018,1406.550398,46.109814,70.37029868,-24.26048499
06-06-17 08,548.9777117,2554.629881,276.08395,334.8319853,-58.74803142
06-06-17 09,631.6131447,2914.025189,833.8493,1443.226656,-609.3773521
06-06-17 10,833.6474385,3667.646636,1523.5508,2109.907392,-586.3566105
06-06-17 11,911.8958831,3801.5374,2260.0352,2979.949746,-719.9145893
06-06-17 12,585.1403131,2472.87854,2613.16,3423.599896,-810.4399842
06-06-17 13,742.4435463,3142.013429,2979.7852,2516.235886,463.5492702
06-06-17 14,563.6133271,2535.872609,3141.088,3752.49513,-611.4072395
06-06-17 15,646.9091269,2913.155863,3176.371,4102.945541,-926.5744473
06-06-17 16,414.3861107,1946.510789,2609.1675,3684.352541,-1075.18506
06-06-17 17,185.5633626,956.5332283,1795.2375,3366.38898,-1571.151431
06-06-17 18,78.50434851,349.7447482,1030.9213,1670.257822,-639.3365576
06-06-17 19,69.57446897,310.3364976,448.1778,679.3565356,-231.1787402
06-06-17 20,13.16615744,46.30474117,204.16792,424.4051649,-220.2372419
06-06-17 21,0,0,-6.2283764,202.1003765,-208.3287529
06-06-17 22,0,0,-21.644176,39.04815035,-60.69232683
06-06-17 23,0,0,-23.454172,0,-23.45417213
07-06-17 00,0.006410333,0,-19.083086,0,-19.08308601
07-06-17 01,0.086112615,0,-14.648356,0,-14.64835644
07-06-17 02,0.188444348,0,-12.639891,0,-12.63989067
07-06-17 03,0.039099929,0,-13.140051,0,-13.14005089
07-06-17 04,0.003404247,0,-18.243338,0,-18.24333763
07-06-17 05,14.64157031,59.22582692,-20.734325,0,-20.73432541
07-06-17 06,33.70872533,149.6066469,-27.674118,0.059661601,-27.73377964
07-06-17 07,50.93472634,234.5053782,75.77821,133.857057,-58.07884348
07-06-17 08,67.72755194,318.0569878,327.16275,362.8106866,-35.64793639
07-06-17 09,341.7259783,1663.826738,1101.7229,1367.80799,-266.0850899
07-06-17 10,457.3610884,2131.228631,1992.0553,2625.032762,-632.9774642
07-06-17 11,840.0772546,3524.399306,2675.664,3513.84133,-838.1772677
07-06-17 12,814.9440751,3415.574806,3125.171,3979.124538,-853.95364
07-06-17 13,870.5713634,3571.918307,2865.2776,3194.879864,-329.6022764
07-06-17 14,504.3847502,2180.627345,3083.013,3117.942297,-34.92935712
07-06-17 15,86.31980146,402.1588022,3047.2585,3722.847412,-675.5888669
07-06-17 16,49.00054549,210.1680942,2677.7886,2571.077645,106.7109289
07-06-17 17,50.41756991,218.4042928,2240.0862,1843.411277,396.6749051
07-06-17 18,45.35495141,200.9175146,1239.5668,1810.516317,-570.9495443
07-06-17 19,1.920425778,0,459.29663,898.3007564,-439.0041256
07-06-17 20,0,0,146.1994,613.7717147,-467.5723128
07-06-17 21,0.019262771,0,65.96794,223.6134794,-157.6455382
07-06-17 22,0.006199657,0,13.897225,52.06938296,-38.17215758
07-06-17 23,0,0,-15.536518,0.00051325,-15.53703135
08-06-17 00,0.087317448,0,-22.901512,0,-22.90151215
08-06-17 01,0,0,-22.691618,0,-22.69161797
08-06-17 02,0,0,-16.493036,0,-16.49303627
08-06-17 03,0,0,-8.91291,0,-8.912910461
08-06-17 04,0.002126187,0,-5.700936,0,-5.700935841
08-06-17 05,18.00252616,70.37029868,-10.738973,0,-10.73897266
08-06-17 06,110.4926522,334.8319853,-20.087948,0.013243441,-20.10119129
08-06-17 07,331.9269608,1443.226656,76.35838,80.57306554,-4.214682364
08-06-17 08,447.7742766,2109.907392,367.45706,315.0770836,52.37997813
08-06-17 09,631.8090482,2979.949746,1150.7555,1371.101587,-220.3460941
08-06-17 10,764.3972964,3423.599896,2055.4773,2611.532449,-556.0551544
08-06-17 11,567.7131926,2516.235886,2709.4653,3493.033584,-783.568252
08-06-17 12,872.9985194,3752.49513,3121.694,3933.545213,-811.8511209
08-06-17 13,954.3990498,4102.945541,3059.1636,4210.258298,-1151.094724
08-06-17 14,835.2008593,3684.352541,2917.4587,4243.335784,-1325.877044
08-06-17 15,736.9314411,3366.38898,2887.9868,3951.706159,-1063.719343
08-06-17 16,343.4221697,1670.257822,2350.4834,3483.242296,-1132.758897
