12:15 AM/ 10,
12:30 AM/ 10,
12:45 AM/ 10,
1:00 AM/ 10,
1:15 AM/ 10,
1:30 AM/ 10,
1:45 AM/ 10,
2:00 AM/ 10,
2:15 AM/ 10,
2:30 AM/ 10,
2:45 AM/ 10,
3:00 AM/ 10,
3:15 AM/ 10,
3:30 AM/ 10,
3:45 AM/ 10,
4:00 AM/ 10,
4:15 AM/ 10,
4:30 AM/ 10,
4:45 AM/ 10,
5:00 AM/ 10,0
5:15 AM/ 10,13.06
5:30 AM/ 10,39.14
5:45 AM/ 10,68.67
6:00 AM/ 10,111.35
6:15 AM/ 10,181.09
6:30 AM/ 10,270.68
6:45 AM/ 10,377.34
7:00 AM/ 10,548.13
7:15 AM/ 10,1008.92
7:30 AM/ 10,1053.19
7:45 AM/ 10,1384.14
8:00 AM/ 10,1838.5
8:15 AM/ 10,2116.12
8:30 AM/ 10,2185.16
8:45 AM/ 10,2626.03
9:00 AM/ 10,2863.76
9:15 AM/ 10,3040.04
9:30 AM/ 10,3348.81
9:45 AM/ 10,3525.82
10:00 AM/ 10,1246.32
10:15 AM/ 10,894.41
10:30 AM/ 10,1060.76
10:45 AM/ 10,376.7
11:00 AM/ 10,403.47
11:15 AM/ 10,1271.94
11:30 AM/ 10,1329.32
11:45 AM/ 10,1277.94
12:00 PM/ 10,759.81
12:15 PM/ 10,655.42
12:30 PM/ 10,600.05
12:45 PM/ 10,1209.24
1:00 PM/ 10,2296.74
1:15 PM/ 10,4256.7
1:30 PM/ 10,3200.66
1:45 PM/ 10,2271.83
2:00 PM/ 10,3046.77
2:15 PM/ 10,3833.32
2:30 PM/ 10,3649.29
2:45 PM/ 10,3414.29
3:00 PM/ 10,3274.51
3:15 PM/ 10,2544.12
3:30 PM/ 10,2393.23
3:45 PM/ 10,1184.19
4:00 PM/ 10,1062.84
4:15 PM/ 10,446.28
4:30 PM/ 10,202.32
4:45 PM/ 10,713.77
5:00 PM/ 10,255.68
5:15 PM/ 10,482.71
5:30 PM/ 10,1323.92
5:45 PM/ 10,752.72
6:00 PM/ 10,635.63
6:15 PM/ 10,426.89
6:30 PM/ 10,266.6
6:45 PM/ 10,278
7:00 PM/ 10,223.5
7:15 PM/ 10,198.02
7:30 PM/ 10,170.53
7:45 PM/ 10,206.87
8:00 PM/ 10,261.29
8:15 PM/ 10,150.99
8:30 PM/ 10,77.58
8:45 PM/ 10,26.46
9:00 PM/ 10,1.32
9:15 PM/ 10,0
9:30 PM/ 10,
9:45 PM/ 10,
10:00 PM/ 10,
10:15 PM/ 10,
10:30 PM/ 10,
10:45 PM/ 10,
11:00 PM/ 10,
11:15 PM/ 10,
11:30 PM/ 10,
11:45 PM/ 10,
12:00 AM/ 11,
12:15 AM/ 11,
